id,pct_id,practice_id,user_id,created_at,approved
2989,,Y00028,1288,30/04/2019,t
2988,,N83015,2819,30/04/2019,t
2987,06M,,3409,30/04/2019,t
2986,,L81039,3408,30/04/2019,t
2985,,E83009,3406,29/04/2019,t
2984,,F81211,3404,29/04/2019,t
2983,,C86001,3403,29/04/2019,t
2982,,E84635,2926,29/04/2019,t
2981,99J,,3189,28/04/2019,t
2980,,F81120,3401,27/04/2019,t
2979,99G,,3400,27/04/2019,t
2978,09G,,3189,26/04/2019,t
2977,,B85645,3399,26/04/2019,t
2976,00T,,3398,25/04/2019,t
2975,,M85021,3396,25/04/2019,t
2974,,B83058,3395,25/04/2019,t
2973,02Y,,3392,24/04/2019,t
2972,,N85053,3235,24/04/2019,t
2971,11M,,1788,24/04/2019,t
2970,08E,,3391,24/04/2019,t
2969,,L83148,3390,23/04/2019,t
2968,,L83103,3390,23/04/2019,t
2967,,H81672,3389,23/04/2019,t
2966,,H81038,3389,23/04/2019,t
2965,,H81099,3389,23/04/2019,t
2964,,H81109,3389,23/04/2019,t
2963,,H81078,3302,23/04/2019,t
2962,12F,,3387,23/04/2019,t
2961,,Y02751,3386,23/04/2019,t
2960,,J83042,3385,23/04/2019,t
2959,,E82603,3384,22/04/2019,t
2958,12F,,3383,21/04/2019,t
2957,,C82024,3382,21/04/2019,t
2956,,G81017,3381,21/04/2019,t
2955,,E87066,3380,19/04/2019,t
2954,,J82082,3379,18/04/2019,t
2953,,C88027,3378,18/04/2019,t
2952,,F81017,3317,18/04/2019,t
2951,,N81047,3377,17/04/2019,t
2950,12F,,3375,17/04/2019,t
2949,02F,,3374,17/04/2019,t
2948,,B87008,3373,17/04/2019,t
2947,,A81052,3372,17/04/2019,t
2946,,F84670,3197,17/04/2019,t
2945,,P81132,1625,16/04/2019,t
2944,,J82134,3371,16/04/2019,t
2943,,K84006,3369,16/04/2019,t
2942,06M,,3368,15/04/2019,t
2941,,G82221,3367,15/04/2019,t
2940,,J82639,3366,14/04/2019,t
2939,,N85648,3365,14/04/2019,t
2938,07J,,943,12/04/2019,t
2937,,M85098,3360,11/04/2019,t
2936,15C,,3359,11/04/2019,t
2935,08T,,3358,11/04/2019,t
2934,01Y,,3355,10/04/2019,t
2933,,C81081,3354,10/04/2019,t
2932,,L83106,3353,10/04/2019,t
2931,,P88623,3352,10/04/2019,t
2930,,P88021,3352,10/04/2019,t
2929,,P88006,3352,10/04/2019,t
2928,,P88002,3352,10/04/2019,t
2927,,M89008,3351,10/04/2019,t
2926,09J,,3189,09/04/2019,t
2925,,F84047,3347,08/04/2019,t
2924,,E85124,3059,08/04/2019,t
2923,,A86036,3346,07/04/2019,t
2922,03L,,3345,05/04/2019,t
2921,02G,,3344,05/04/2019,t
2920,15N,,866,04/04/2019,t
2919,,C88007,3339,02/04/2019,t
2918,00Q,,3082,02/04/2019,t
2917,01V,,3336,02/04/2019,t
2916,,A82039,3335,02/04/2019,t
2915,08M,,1761,02/04/2019,t
2914,,C88647,3334,01/04/2019,t
2913,05R,,3329,29/03/2019,t
2912,,B82075,3328,29/03/2019,t
2911,,C88016,3326,29/03/2019,t
2910,99J,,1430,28/03/2019,t
2909,01H,,3324,28/03/2019,t
2908,10V,,3280,28/03/2019,t
2907,99C,,3321,27/03/2019,t
2906,,F83624,96,26/03/2019,t
2905,01H,,3319,26/03/2019,t
2904,,J81074,3318,26/03/2019,t
2903,,F81212,3317,25/03/2019,t
2902,,F81213,3314,22/03/2019,t
2901,15E,,3312,22/03/2019,t
2900,,P87620,3311,22/03/2019,t
2899,,J81620,3310,21/03/2019,t
2898,,F83021,3309,21/03/2019,t
2897,,M83056,3308,20/03/2019,t
2896,,M83009,3306,20/03/2019,t
2895,,K81001,3305,20/03/2019,t
2894,,H81672,3303,19/03/2019,t
2893,,H81038,3303,19/03/2019,t
2892,,H81099,3303,19/03/2019,t
2891,,H81109,3303,19/03/2019,t
2890,,H81086,3303,19/03/2019,t
2889,,H81078,3303,19/03/2019,t
2888,,H81128,3303,19/03/2019,t
2887,,H81099,3302,19/03/2019,t
2886,,H81107,3302,19/03/2019,t
2885,,H81109,3302,19/03/2019,t
2884,,H81067,3302,19/03/2019,t
2883,01T,,3187,19/03/2019,t
2882,,A82020,3301,19/03/2019,t
2881,00V,,3300,18/03/2019,t
2880,09G,,3299,18/03/2019,t
2879,,J82157,3298,18/03/2019,t
2878,,C88019,1697,18/03/2019,t
2877,,C88008,1697,18/03/2019,t
2876,,C88014,1697,18/03/2019,t
2875,,P89002,3296,18/03/2019,t
2874,,Y02212,3295,18/03/2019,t
2873,,J82214,3294,18/03/2019,t
2872,,M84069,3293,17/03/2019,t
2871,,J81066,3291,16/03/2019,t
2870,,L81019,3290,15/03/2019,t
2869,,J82005,3289,14/03/2019,t
2868,,A83627,3287,13/03/2019,t
2867,,A83045,3287,13/03/2019,t
2866,,A83066,3287,13/03/2019,t
2865,,A83003,3287,13/03/2019,t
2864,,A83635,3287,13/03/2019,t
2863,,J81012,3286,13/03/2019,t
2862,99Q,,3285,13/03/2019,t
2861,06A,,3284,13/03/2019,t
2860,,N83015,3283,13/03/2019,t
2859,,H81091,3281,13/03/2019,t
2858,,J82210,3280,13/03/2019,t
2857,,J83026,3278,12/03/2019,t
2856,,J82115,3277,12/03/2019,t
2855,,E83600,3276,12/03/2019,t
2854,,J82023,3275,12/03/2019,t
2853,,L81045,3274,12/03/2019,t
2852,,J82155,3273,12/03/2019,t
2851,,J82155,3271,12/03/2019,t
2850,,K82026,3270,12/03/2019,t
2849,,J81014,3269,12/03/2019,t
2848,,J82157,3268,12/03/2019,t
2847,,J83030,3267,12/03/2019,t
2846,99M,,3266,12/03/2019,t
2845,,J81625,3265,12/03/2019,t
2844,,J82164,3264,12/03/2019,t
2843,,J82132,3263,12/03/2019,t
2842,,J84017,3262,12/03/2019,t
2841,,J82130,3261,12/03/2019,t
2840,,L81081,3260,11/03/2019,t
2839,,N82094,3259,11/03/2019,t
2838,,C83036,3258,11/03/2019,t
2837,,B85646,3257,10/03/2019,t
2836,,B82034,3254,09/03/2019,t
2835,,H81025,3253,08/03/2019,t
2834,,K81656,3252,06/03/2019,t
2833,,K81001,3252,06/03/2019,t
2832,,K81087,3252,06/03/2019,t
2831,,L83042,3251,06/03/2019,t
2830,,P88623,3241,05/03/2019,t
2829,,C88091,630,05/03/2019,t
2828,,L84039,3249,05/03/2019,t
2827,,P88016,3248,04/03/2019,t
2826,,G82080,3247,04/03/2019,t
2825,,D82070,3246,04/03/2019,t
2824,,J81620,3245,04/03/2019,t
2823,02X,,2705,04/03/2019,t
2822,,J83013,3243,01/03/2019,t
2821,,G85705,3242,01/03/2019,t
2820,01W,,3241,01/03/2019,t
2819,,F84074,3240,01/03/2019,t
2818,15A,,3239,01/03/2019,t
2817,,N81637,3173,01/03/2019,t
2816,09A,,3237,01/03/2019,t
2815,06H,,3236,01/03/2019,t
2814,12F,,3235,28/02/2019,t
2813,,F83060,1418,28/02/2019,t
2812,,P88044,3233,28/02/2019,t
2811,,P88017,3233,28/02/2019,t
2810,03R,,2743,28/02/2019,t
2809,,G81082,3229,28/02/2019,t
2808,11X,,3228,28/02/2019,t
2807,,J81068,3223,26/02/2019,t
2806,03R,,3222,25/02/2019,t
2805,,J81620,3221,25/02/2019,t
2804,,K82028,3220,25/02/2019,t
2803,07W,,3218,25/02/2019,t
2802,05W,,3216,24/02/2019,t
2801,,H82028,3214,24/02/2019,t
2800,,Y02521,3212,23/02/2019,t
2799,,J81620,3211,23/02/2019,t
2798,,H84002,3210,23/02/2019,t
2797,,M81026,3209,22/02/2019,t
2796,08W,,3208,22/02/2019,t
2795,,N85617,3207,22/02/2019,t
2794,,F83007,2019,22/02/2019,t
2793,,B83067,1574,22/02/2019,t
2792,,C88025,3205,21/02/2019,t
2791,10X,,2220,21/02/2019,t
2790,06N,,3204,21/02/2019,t
2789,,M85803,3202,20/02/2019,t
2788,,F86022,3200,20/02/2019,t
2787,99H,,3199,20/02/2019,t
2785,,F84677,3196,19/02/2019,t
2784,,K82073,2131,19/02/2019,t
2783,,K84013,3195,18/02/2019,t
2782,,A88016,3193,17/02/2019,t
2781,,K81026,3192,17/02/2019,t
2780,,C84053,3191,16/02/2019,t
2779,02H,,3190,15/02/2019,t
2778,02G,,3190,15/02/2019,t
2777,02F,,3190,15/02/2019,t
2776,02E,,3190,15/02/2019,t
2775,02D,,3190,15/02/2019,t
2774,01Y,,3190,15/02/2019,t
2773,01W,,3190,15/02/2019,t
2772,01X,,3190,15/02/2019,t
2771,01V,,3190,15/02/2019,t
2770,01T,,3190,15/02/2019,t
2769,01R,,3190,15/02/2019,t
2768,00Y,,3190,15/02/2019,t
2767,01K,,3190,15/02/2019,t
2766,99A,,3190,15/02/2019,t
2765,01J,,3190,15/02/2019,t
2764,01D,,3190,15/02/2019,t
2763,01F,,3190,15/02/2019,t
2762,02M,,3190,15/02/2019,t
2761,01C,,3190,15/02/2019,t
2760,00X,,3190,15/02/2019,t
2759,01E,,3190,15/02/2019,t
2758,01A,,3190,15/02/2019,t
2757,00V,,3190,15/02/2019,t
2756,00T,,3190,15/02/2019,t
2755,00R,,3190,15/02/2019,t
2754,00Q,,3190,15/02/2019,t
2753,02A,,3190,15/02/2019,t
2752,01G,,3190,15/02/2019,t
2751,14L,,3190,15/02/2019,t
2750,10E,,3189,15/02/2019,t
2749,,N85044,3188,14/02/2019,t
2748,01V,,3187,14/02/2019,t
2747,,B82045,3186,14/02/2019,t
2746,,Y00445,2189,14/02/2019,t
2745,11E,,3185,14/02/2019,t
2744,,P81742,3184,14/02/2019,t
2743,08Q,,3183,14/02/2019,t
2742,,Y03124,2217,14/02/2019,t
2741,,H85020,2114,13/02/2019,t
2740,,L81106,707,13/02/2019,t
2739,09D,,3182,13/02/2019,t
2738,,F81720,3135,13/02/2019,t
2737,,N82014,2680,13/02/2019,t
2736,14Y,,2372,13/02/2019,t
2735,,C84013,3181,13/02/2019,t
2734,,C88023,275,13/02/2019,t
2733,,K81050,3180,13/02/2019,t
2732,99P,,2386,13/02/2019,t
2731,08X,,3179,13/02/2019,t
2730,,C88044,3178,13/02/2019,t
2729,,C88044,3177,13/02/2019,t
2728,12F,,3176,12/02/2019,t
2727,,J82139,2395,12/02/2019,t
2726,,L84072,3175,12/02/2019,t
2725,02E,,3174,12/02/2019,t
2724,02E,,3173,12/02/2019,t
2723,,H81091,3172,11/02/2019,t
2722,,J83040,3171,11/02/2019,t
2721,,K83006,3170,11/02/2019,t
2720,,D81031,3170,11/02/2019,t
2719,,D81032,3170,11/02/2019,t
2718,,D81057,3170,11/02/2019,t
2717,,F81052,2848,11/02/2019,t
2716,,K83023,3170,11/02/2019,t
2715,,K83024,3170,11/02/2019,t
2714,,K83002,3170,11/02/2019,t
2713,,C83007,3170,11/02/2019,t
2712,,C88092,3169,11/02/2019,t
2711,,N85002,3168,11/02/2019,t
2710,,Y00026,3167,10/02/2019,t
2709,,K81050,3166,10/02/2019,t
2708,,D83059,3165,09/02/2019,t
2707,,B87006,3164,09/02/2019,t
2706,,Y02260,3163,09/02/2019,t
2705,,F83624,3162,08/02/2019,t
2704,,F83624,3161,08/02/2019,t
2703,99P,,3160,08/02/2019,t
2702,07V,,3159,08/02/2019,t
2701,,D83055,3158,08/02/2019,t
2700,,C81073,3157,08/02/2019,t
2699,,P88006,3156,07/02/2019,t
2698,,C88044,3155,07/02/2019,t
2697,,C88010,3154,07/02/2019,t
2696,,L83096,3153,07/02/2019,t
2695,,L85031,3152,07/02/2019,t
2694,,L84047,3151,07/02/2019,t
2693,,C83064,3150,06/02/2019,t
2692,,C88026,3149,06/02/2019,t
2691,,C88092,3148,06/02/2019,t
2690,,C88096,3147,06/02/2019,t
2689,,C88008,1542,06/02/2019,t
2688,,C88019,3146,06/02/2019,t
2687,,D81032,3145,06/02/2019,t
2686,,C88008,3144,06/02/2019,t
2685,,C88045,3143,06/02/2019,t
2684,,C88034,3142,06/02/2019,t
2683,,C88007,3141,06/02/2019,t
2682,,C88627,3140,06/02/2019,t
2681,,Y00347,3139,06/02/2019,t
2680,,C88048,3138,06/02/2019,t
2679,,C88016,3137,06/02/2019,t
2678,,C88073,3136,06/02/2019,t
2677,,H82040,3134,06/02/2019,t
2676,02X,,3133,05/02/2019,t
2675,03N,,3132,05/02/2019,t
2674,,E85099,3131,05/02/2019,t
2673,,A88007,3130,05/02/2019,t
2672,11E,,939,04/02/2019,t
2671,,E85025,3129,04/02/2019,t
2670,,N85038,3128,04/02/2019,t
2669,,M86014,3127,03/02/2019,t
2668,,J82035,3126,03/02/2019,t
2667,,J83021,3125,03/02/2019,t
2666,,J83021,3124,03/02/2019,t
2665,,M82014,3123,03/02/2019,t
2664,,B81010,3122,02/02/2019,t
2663,,K81082,3121,01/02/2019,t
2662,,L85013,3120,01/02/2019,t
2661,99C,,3119,31/01/2019,t
2660,,B81010,3118,31/01/2019,t
2659,,B81010,3117,31/01/2019,t
2658,05F,,3116,31/01/2019,t
2657,,G85016,3115,31/01/2019,t
2656,08P,,3114,31/01/2019,t
2655,,D82011,3112,31/01/2019,t
2653,,B82080,3111,30/01/2019,t
2652,,D82018,3101,30/01/2019,t
2651,,G82095,615,30/01/2019,t
2650,,Y03079,3109,30/01/2019,f
2649,,J82082,3108,30/01/2019,t
2648,,C84131,3107,29/01/2019,t
2647,07Y,,3106,29/01/2019,t
2646,08E,,3105,29/01/2019,t
2645,,P83017,3104,29/01/2019,f
2644,,M81083,3043,29/01/2019,t
2643,15E,,3102,29/01/2019,t
2642,99K,,3057,29/01/2019,t
2641,09D,,3057,29/01/2019,t
2640,,L83646,2498,29/01/2019,t
2639,,L83651,2498,29/01/2019,t
2638,,L83112,2498,29/01/2019,t
2637,,L83100,2498,29/01/2019,t
2636,01H,,697,29/01/2019,t
2635,,D82048,3101,29/01/2019,t
2634,,L83073,3100,28/01/2019,t
2633,02G,,2658,28/01/2019,t
2632,09J,,3099,28/01/2019,f
2631,,M85041,3098,28/01/2019,f
2630,05A,,3097,28/01/2019,t
2629,,C83072,3096,28/01/2019,t
2628,,C84140,3095,27/01/2019,f
2627,,H82011,3094,27/01/2019,t
2626,,L81038,3093,26/01/2019,t
2625,,C88007,3092,25/01/2019,t
2624,,K83024,3089,23/01/2019,f
2623,,M81049,3088,23/01/2019,f
2622,,L82003,3087,23/01/2019,t
2621,09J,,3086,23/01/2019,t
2620,10L,,3085,23/01/2019,f
2619,,M83023,3084,22/01/2019,f
2618,,A81044,3083,22/01/2019,t
2617,,P81734,3082,22/01/2019,t
2616,,K83047,3081,22/01/2019,f
2615,10L,,3080,22/01/2019,t
2614,10R,,3079,22/01/2019,t
2613,,K84059,3078,22/01/2019,f
2612,,L83106,3076,21/01/2019,f
2611,,J82007,3075,21/01/2019,t
2610,,B81025,3074,21/01/2019,f
2609,,D82084,3072,20/01/2019,t
2608,,Y04995,1355,20/01/2019,t
2607,,M85686,3070,19/01/2019,f
2606,,B81663,857,19/01/2019,t
2605,,L81033,3068,18/01/2019,f
2604,,F81068,3067,18/01/2019,t
2603,11N,,3066,18/01/2019,f
2602,,F81007,3065,18/01/2019,f
2601,08P,,3064,18/01/2019,f
2600,,K82008,3063,18/01/2019,t
2599,,C81010,3062,17/01/2019,f
2598,06P,,3061,17/01/2019,f
2597,,E84007,3060,17/01/2019,f
2596,,E85124,3059,17/01/2019,f
2595,,N81013,3058,17/01/2019,t
2594,09D,,3057,17/01/2019,t
2593,00R,,3056,16/01/2019,t
2592,10Q,,3055,16/01/2019,f
2591,,L81050,3054,16/01/2019,t
2590,02M,,3053,16/01/2019,t
2589,,K81006,3052,16/01/2019,t
2588,,D83030,2116,16/01/2019,t
2587,,D83082,2116,16/01/2019,t
2586,,M86017,3050,15/01/2019,t
2585,14Y,,3049,14/01/2019,t
2584,,G82126,3048,14/01/2019,f
2583,,G82044,3047,12/01/2019,t
2582,,B81064,3046,11/01/2019,t
2581,,B86024,2912,11/01/2019,t
2580,,M81083,3043,11/01/2019,t
2579,99E,,150,11/01/2019,f
2578,,P91029,3042,10/01/2019,f
2577,,P91029,3041,10/01/2019,f
2576,,C81021,3040,10/01/2019,f
2575,,P91029,3039,10/01/2019,f
2574,,L85034,1759,10/01/2019,t
2573,,G82007,3038,10/01/2019,f
2572,,C82667,3037,10/01/2019,f
2571,,A81002,2988,09/01/2019,t
2570,,J83625,3036,08/01/2019,f
2569,,L84001,3035,08/01/2019,t
2568,,P81169,2787,08/01/2019,t
2567,,L81004,3034,07/01/2019,f
2566,,M84629,3033,07/01/2019,f
2565,,M85145,2961,07/01/2019,t
2564,11E,,3032,07/01/2019,t
2563,05J,,3031,07/01/2019,f
2562,05T,,3031,07/01/2019,f
2561,,M81057,3028,06/01/2019,t
2560,,C81062,3027,05/01/2019,t
2559,,F83010,3026,04/01/2019,t
2558,,F83010,96,04/01/2019,t
2557,,P81664,3025,04/01/2019,t
2556,,L84037,2199,04/01/2019,t
2555,,L84006,2199,04/01/2019,t
2554,,L84054,2199,04/01/2019,t
2553,,L84072,2199,04/01/2019,t
2552,,L84043,2199,04/01/2019,t
2549,03E,,3021,03/01/2019,t
2548,03M,,3021,03/01/2019,t
2547,,K81073,3020,03/01/2019,f
2546,03N,,130,03/01/2019,t
2545,,H82003,3019,03/01/2019,f
2544,,F84682,3018,03/01/2019,t
2543,,C81068,2762,02/01/2019,f
2542,01A,,3016,31/12/2018,t
2541,06F,,3015,31/12/2018,t
2540,02Y,,3014,31/12/2018,t
2539,03F,,3014,31/12/2018,t
2538,,B87006,3013,31/12/2018,t
2537,,M85008,3012,30/12/2018,f
2535,09G,,3011,27/12/2018,t
2534,,N85013,3010,27/12/2018,f
2533,,E83621,3009,27/12/2018,f
2532,11N,,3008,27/12/2018,t
2531,03N,,3007,23/12/2018,f
2530,,J82066,3006,21/12/2018,t
2529,,P84068,3005,21/12/2018,f
2528,,P81132,3004,21/12/2018,f
2527,,D83051,3003,21/12/2018,t
2526,09N,,3002,21/12/2018,t
2525,09N,,3001,21/12/2018,t
2524,08H,,1123,21/12/2018,t
2523,08X,,1198,21/12/2018,t
2522,,E87045,1609,20/12/2018,t
2521,,J83038,3000,20/12/2018,f
2520,,A82055,2999,19/12/2018,t
2519,,J82033,2998,19/12/2018,t
2518,,K83625,1169,19/12/2018,t
2517,,G81104,2996,19/12/2018,f
2516,02N,,2995,19/12/2018,f
2515,,M91611,2994,19/12/2018,f
2514,,M91611,2993,19/12/2018,f
2513,,P87024,2656,19/12/2018,t
2512,,J82633,2992,18/12/2018,f
2511,,H85069,2991,17/12/2018,f
2510,,J82056,2990,17/12/2018,t
2509,,M91621,2989,17/12/2018,t
2508,,A83005,2988,17/12/2018,t
2507,,H85022,2987,16/12/2018,f
2506,,L81058,2986,14/12/2018,f
2505,05Y,,2985,14/12/2018,f
2504,02F,,2984,14/12/2018,t
2503,,N81074,2983,14/12/2018,t
2502,,H83013,2982,13/12/2018,t
2501,,N81090,2981,13/12/2018,f
2500,,L84063,2980,13/12/2018,f
2499,,C88048,2825,13/12/2018,t
2498,,C84131,2979,13/12/2018,t
2497,,L83113,2004,12/12/2018,t
2496,,C82121,2978,12/12/2018,t
2495,05F,,2977,12/12/2018,f
2494,02V,,2976,12/12/2018,t
2493,,A81001,2975,12/12/2018,t
2492,10K,,2974,11/12/2018,f
2491,,H81037,2973,11/12/2018,t
2490,04L,,2972,11/12/2018,f
2489,,G85016,2970,10/12/2018,f
2487,03V,,2966,10/12/2018,f
2486,,E85649,2964,10/12/2018,f
2485,,P85026,2963,10/12/2018,f
2484,01W,,2962,10/12/2018,t
2483,,M85145,2961,10/12/2018,t
2482,,C82611,2960,08/12/2018,f
2481,06T,,2959,07/12/2018,f
2480,01K,,2958,07/12/2018,f
2479,,C88041,2957,07/12/2018,f
2478,00Y,,2956,06/12/2018,f
2477,,N83020,2954,06/12/2018,t
2476,,G81104,2953,06/12/2018,t
2475,,N81087,2783,05/12/2018,t
2474,,B82033,2952,05/12/2018,f
2473,,H82089,2951,05/12/2018,t
2472,,D83056,2950,04/12/2018,t
2471,,C83022,2949,04/12/2018,t
2470,00T,,2947,04/12/2018,t
2469,,L83031,2946,03/12/2018,t
2468,,B86055,2944,03/12/2018,f
2467,,A84014,2943,03/12/2018,f
2466,13T,,2942,03/12/2018,t
2465,,B82035,2941,02/12/2018,t
2464,,N81071,2940,02/12/2018,f
2463,,D82019,2939,02/12/2018,t
2462,,M82606,2938,01/12/2018,f
2461,11M,,2937,01/12/2018,f
2460,,K83012,2936,01/12/2018,f
2459,05W,,2935,30/11/2018,t
2458,,Y02260,2934,30/11/2018,t
2457,03K,,2932,29/11/2018,t
2456,,B81005,2931,29/11/2018,t
2455,,E81048,2930,29/11/2018,t
2454,05X,,2929,29/11/2018,t
2453,,M82012,2928,29/11/2018,t
2452,,K82047,2927,29/11/2018,t
2451,,E84635,2926,29/11/2018,f
2450,08Y,,2925,29/11/2018,t
2449,08C,,2925,29/11/2018,t
2448,07Y,,2925,29/11/2018,t
2447,09A,,2925,29/11/2018,t
2446,,K83028,2924,29/11/2018,t
2445,,Y01929,2923,29/11/2018,t
2444,,M82003,2922,29/11/2018,f
2443,,A83020,2921,29/11/2018,t
2442,,A87005,2920,29/11/2018,t
2441,07W,,2919,29/11/2018,f
2440,,M89608,2918,29/11/2018,t
2439,,C83005,2917,29/11/2018,t
2438,,C86009,2916,28/11/2018,t
2437,,M83038,2915,28/11/2018,f
2436,05X,,2913,28/11/2018,f
2435,,B86024,2912,28/11/2018,t
2434,,P84016,2911,28/11/2018,f
2433,,D82099,2910,28/11/2018,t
2432,,H84629,2909,28/11/2018,f
2431,,H84629,2908,28/11/2018,f
2430,99A,,2907,28/11/2018,f
2429,,P84068,2906,28/11/2018,t
2428,,E84635,2905,28/11/2018,f
2427,,D81045,2904,28/11/2018,t
2426,15C,,2903,28/11/2018,f
2425,,D82056,2902,28/11/2018,t
2424,,C82116,2901,28/11/2018,t
2423,15E,,2900,28/11/2018,f
2422,,E85127,2899,28/11/2018,t
2421,11X,,2898,28/11/2018,t
2420,,N81008,2897,28/11/2018,t
2419,08V,,2896,28/11/2018,f
2418,,N83015,2895,27/11/2018,t
2417,,N83025,2894,27/11/2018,f
2416,03N,,2893,27/11/2018,t
2415,04K,,2651,27/11/2018,t
2414,11M,,2892,27/11/2018,t
2413,,F81019,2891,26/11/2018,f
2412,,C86606,2890,26/11/2018,f
2411,,E84032,2888,24/11/2018,f
2410,,L83666,2887,24/11/2018,f
2409,,G81694,2886,22/11/2018,f
2408,,F81021,2848,22/11/2018,t
2407,00D,,2884,21/11/2018,f
2406,,A82617,2883,21/11/2018,t
2405,,C84063,2882,20/11/2018,f
2404,04R,,2881,19/11/2018,f
2403,,D81055,2880,19/11/2018,t
2402,,J82150,2879,19/11/2018,t
2401,99P,,2878,19/11/2018,f
2398,,B81053,2876,18/11/2018,f
2397,00C,,2875,17/11/2018,t
2396,01X,,2874,16/11/2018,f
2395,08Q,,2873,16/11/2018,f
2394,,D81624,2872,16/11/2018,t
2393,,A84030,2871,15/11/2018,f
2392,,L85008,2870,15/11/2018,f
2391,05A,,2869,15/11/2018,t
2390,08D,,2868,15/11/2018,t
2389,,F81021,2848,15/11/2018,t
2388,14L,,2867,14/11/2018,f
2387,,B87018,2866,14/11/2018,f
2386,03R,,2865,14/11/2018,t
2385,,B87011,2864,14/11/2018,f
2384,,B87003,2863,14/11/2018,t
2383,,B87007,2862,14/11/2018,f
2382,,B87032,2861,14/11/2018,t
2381,,B87009,2860,14/11/2018,f
2380,,B87021,2859,14/11/2018,f
2379,03R,,2858,14/11/2018,f
2378,,B87011,2857,14/11/2018,f
2377,,B87011,2856,14/11/2018,f
2376,,B87033,2855,14/11/2018,f
2375,03R,,2854,14/11/2018,f
2374,,B87007,2853,14/11/2018,t
2373,,B87032,2852,14/11/2018,f
2372,06Q,,2851,14/11/2018,f
2371,,Y00028,957,14/11/2018,t
2370,,A81070,1299,13/11/2018,t
2369,,F81679,2848,13/11/2018,t
2368,,N82053,2847,12/11/2018,f
2367,,P81033,2846,12/11/2018,f
2366,,P81033,2845,12/11/2018,f
2365,,D81002,2844,11/11/2018,f
2364,,G85726,2843,11/11/2018,f
2363,,K82047,2842,10/11/2018,t
2362,08Y,,2841,10/11/2018,f
2361,,E87003,2840,10/11/2018,f
2360,,K82022,2839,10/11/2018,t
2359,99H,,2838,09/11/2018,t
2358,09W,,2837,09/11/2018,t
2357,,A83006,2563,09/11/2018,t
2356,,J82033,2836,09/11/2018,t
2355,02T,,2835,08/11/2018,f
2354,,E85124,2834,08/11/2018,t
2353,,P81044,2833,08/11/2018,t
2352,,D81630,2832,07/11/2018,f
2351,,A83627,2831,07/11/2018,f
2350,,J82102,2830,07/11/2018,f
2349,07Q,,2829,06/11/2018,f
2348,,G85073,2828,06/11/2018,f
2347,,G85127,2828,06/11/2018,f
2346,,L85048,2826,05/11/2018,t
2345,,C88020,2825,05/11/2018,t
2344,,C88037,2825,05/11/2018,t
2343,,C88048,2825,05/11/2018,t
2342,99M,,2824,05/11/2018,f
2341,,H85047,2823,05/11/2018,f
2340,,L85054,2822,05/11/2018,f
2339,,N83027,2821,05/11/2018,t
2338,10E,,2820,04/11/2018,f
2337,,N83025,2819,03/11/2018,f
2336,,J83021,2818,02/11/2018,t
2335,03R,,2817,02/11/2018,t
2334,,F81133,2816,02/11/2018,f
2333,00C,,2815,02/11/2018,t
2332,,P82004,2814,01/11/2018,f
2331,,P81770,2813,01/11/2018,t
2330,,J82102,2569,01/11/2018,t
2329,,N81087,2783,31/10/2018,t
2328,,N81123,2811,31/10/2018,f
2327,,J83029,2809,31/10/2018,t
2326,,J83055,2809,31/10/2018,t
2325,,J83041,2809,31/10/2018,t
2324,,J83006,2809,31/10/2018,t
2323,,C81007,2808,31/10/2018,f
2322,,P84019,2807,31/10/2018,t
2321,,N81123,2806,30/10/2018,t
2320,,M86040,2804,30/10/2018,f
2319,,L81016,2803,29/10/2018,t
2318,,B82010,2802,29/10/2018,f
2317,,B85048,2801,29/10/2018,f
2316,06T,,2800,29/10/2018,t
2315,11N,,2799,28/10/2018,f
2314,00R,,2632,28/10/2018,f
2313,,C81059,2798,27/10/2018,t
2312,,A87022,2797,26/10/2018,t
2311,,L84056,379,26/10/2018,t
2310,,H85020,2796,26/10/2018,f
2309,09W,,2795,26/10/2018,f
2308,,M87025,2794,26/10/2018,f
2307,,H82094,2793,26/10/2018,f
2306,,P81687,2791,25/10/2018,t
2305,,E85066,2790,25/10/2018,f
2304,,P81033,2789,25/10/2018,f
2303,,M81005,2788,25/10/2018,t
2302,06D,,2788,25/10/2018,t
2301,,P81169,2787,25/10/2018,t
2300,,P81701,2785,25/10/2018,t
2299,,J83049,2784,24/10/2018,t
2298,,N81087,2783,24/10/2018,t
2297,,C84047,2782,24/10/2018,t
2296,,F84124,2523,24/10/2018,f
2295,,P81044,2781,24/10/2018,t
2294,03V,,2780,24/10/2018,f
2293,,D82003,2779,24/10/2018,t
2292,,P81055,2778,24/10/2018,t
2291,,P81119,2777,23/10/2018,t
2290,,P81038,2776,23/10/2018,f
2289,,L85021,2092,23/10/2018,t
2288,,C83022,2775,23/10/2018,f
2287,,K81645,2774,22/10/2018,f
2286,,P81015,2773,22/10/2018,t
2285,,A82016,2772,21/10/2018,f
2284,,B86044,584,21/10/2018,t
2283,,A83054,2771,19/10/2018,f
2282,,G82055,572,19/10/2018,t
2281,,G82777,572,19/10/2018,t
2280,,A81026,2770,19/10/2018,t
2279,,B81653,2769,19/10/2018,t
2278,,E85124,1413,19/10/2018,t
2277,,C88030,1697,19/10/2018,t
2276,,L84044,2768,19/10/2018,t
2275,15E,,2767,19/10/2018,t
2274,11E,,2766,19/10/2018,t
2273,07J,,2765,19/10/2018,t
2272,99Q,,2766,19/10/2018,t
2271,99P,,2766,19/10/2018,t
2270,,M85139,2765,19/10/2018,t
2269,,A81052,2764,19/10/2018,t
2268,,A81045,2764,19/10/2018,t
2267,,A81054,2764,19/10/2018,t
2266,,A81054,2763,19/10/2018,f
2265,04R,,2762,19/10/2018,f
2264,,P81056,2761,18/10/2018,f
2263,,L83074,2004,18/10/2018,t
2262,,L83006,2004,18/10/2018,t
2261,,P81210,2760,18/10/2018,t
2260,,G85724,2633,18/10/2018,t
2259,99P,,2633,18/10/2018,t
2258,,C88655,630,18/10/2018,t
2257,,E82055,2758,18/10/2018,f
2256,,M81072,2757,18/10/2018,f
2255,,C88079,2755,17/10/2018,t
2254,,L81037,2754,17/10/2018,t
2253,,C88079,2753,17/10/2018,t
2252,15C,,2752,17/10/2018,f
2251,,E85124,2751,17/10/2018,t
2250,13T,,2750,17/10/2018,f
2249,99M,,2749,16/10/2018,t
2248,,B81039,2747,16/10/2018,f
2247,,M82012,2746,16/10/2018,t
2246,,D81057,2745,15/10/2018,t
2245,,C87603,2744,15/10/2018,t
2244,,C87020,2744,15/10/2018,t
2243,,C87012,2744,15/10/2018,t
2242,,C87016,2744,15/10/2018,t
2241,03L,,2744,15/10/2018,t
2240,03R,,2743,15/10/2018,t
2239,,B82028,2742,14/10/2018,f
2238,,M82604,2741,14/10/2018,t
2237,,B82105,2740,14/10/2018,f
2236,,C84049,2739,13/10/2018,f
2235,,Y05369,2739,13/10/2018,f
2234,,C81075,2738,12/10/2018,t
2233,01F,,2737,12/10/2018,f
2232,,N81019,2736,12/10/2018,t
2231,,L83086,2735,12/10/2018,t
2230,13T,,1414,11/10/2018,f
2229,,J82210,2701,11/10/2018,t
2227,04M,,1459,11/10/2018,t
2226,,M83056,2734,11/10/2018,t
2225,,K82008,1194,10/10/2018,t
2224,,Y02625,2732,10/10/2018,f
2223,,L82030,2730,10/10/2018,t
2222,,J83019,2729,10/10/2018,f
2221,12F,,2728,10/10/2018,t
2220,,J82066,2727,09/10/2018,t
2219,,E85649,2725,09/10/2018,f
2218,,E87742,2724,09/10/2018,f
2217,,C88033,2723,09/10/2018,t
2216,,C83617,2722,09/10/2018,f
2215,,F84093,2721,09/10/2018,t
2214,,F84093,2720,09/10/2018,f
2213,,G83663,2719,09/10/2018,f
2212,,K84050,2718,08/10/2018,t
2211,,C82644,2717,08/10/2018,f
2210,,C81052,2716,08/10/2018,t
2209,09L,,2715,08/10/2018,t
2208,05H,,2714,08/10/2018,t
2207,05R,,2714,08/10/2018,t
2206,11M,,2712,07/10/2018,t
2205,,F81108,2711,07/10/2018,f
2204,,L83034,2710,07/10/2018,f
2203,,L83608,1047,06/10/2018,f
2202,,Y02787,2708,05/10/2018,f
2201,,A83046,2707,05/10/2018,t
2200,,G81680,2706,05/10/2018,t
2199,02X,,2705,05/10/2018,f
2198,,B82026,2704,05/10/2018,t
2197,08D,,2703,05/10/2018,f
2196,,H81026,2702,05/10/2018,f
2195,10V,,2701,05/10/2018,t
2194,,L83608,2700,05/10/2018,f
2193,,J81064,2698,04/10/2018,f
2192,,B82097,2697,04/10/2018,f
2191,,L84059,2696,04/10/2018,t
2190,06L,,2695,04/10/2018,f
2189,,K82049,2693,04/10/2018,t
2188,,G85109,2692,04/10/2018,f
2187,08V,,2691,04/10/2018,f
2186,,L83016,2690,04/10/2018,f
2185,,C84063,2689,04/10/2018,t
2184,,L84017,2688,04/10/2018,t
2183,,D82613,2687,04/10/2018,f
2182,,G85130,2686,04/10/2018,f
2181,08K,,2686,04/10/2018,f
2180,,K82047,2685,04/10/2018,f
2179,,J83013,2684,04/10/2018,t
2178,,M86010,2683,04/10/2018,t
2177,,B86039,2682,04/10/2018,f
2176,,C84047,2681,04/10/2018,t
2175,,N82014,2680,04/10/2018,t
2174,06H,,2679,04/10/2018,f
2173,,J81064,2678,04/10/2018,t
2172,,J82012,2677,04/10/2018,t
2171,,J82622,2676,04/10/2018,t
2170,06V,,2675,04/10/2018,t
2169,,M81026,2674,04/10/2018,f
2168,,M81082,2673,03/10/2018,t
2167,00P,,2672,03/10/2018,f
2166,,P88009,2671,03/10/2018,t
2165,,P88607,2671,03/10/2018,t
2164,,P88017,2671,03/10/2018,t
2163,,P88044,2671,03/10/2018,t
2162,,P88019,2671,03/10/2018,t
2161,,P88625,2671,03/10/2018,t
2160,,Y02710,2670,03/10/2018,f
2159,,P81037,2669,02/10/2018,f
2158,05R,,2667,02/10/2018,t
2157,,A81622,2652,02/10/2018,t
2156,,M84017,2666,02/10/2018,t
2155,,Y02684,2665,02/10/2018,f
2154,,Y01948,2665,02/10/2018,f
2153,03H,,2665,02/10/2018,f
2152,,A81066,2652,02/10/2018,t
2151,,A81060,2652,01/10/2018,t
2150,,M87041,2664,01/10/2018,t
2149,,C88048,2663,30/09/2018,t
2148,,E82024,2662,28/09/2018,f
2147,,E82038,2661,28/09/2018,t
2146,,L83055,2660,27/09/2018,t
2145,,M81012,2659,27/09/2018,f
2144,02G,,2658,27/09/2018,t
2143,,C81084,2657,27/09/2018,f
2142,,A81631,2652,27/09/2018,t
2141,,P87024,2656,27/09/2018,t
2140,10X,,2220,27/09/2018,t
2139,,A81046,2652,27/09/2018,t
2138,,H83019,2655,26/09/2018,f
2137,,A81612,2652,25/09/2018,t
2136,,N83001,2653,25/09/2018,f
2135,,A81066,2652,25/09/2018,t
2134,04K,,2651,25/09/2018,t
2133,,M83056,2650,24/09/2018,t
2132,,F85031,2649,23/09/2018,f
2131,02P,,2648,22/09/2018,f
2130,,A82033,2647,21/09/2018,f
2129,,E85124,2646,21/09/2018,t
2128,,C88036,2645,21/09/2018,t
2127,,C88069,2645,21/09/2018,t
2126,,C88072,2644,20/09/2018,f
2125,,M85711,2643,20/09/2018,t
2124,,M85711,2642,20/09/2018,f
2123,,A85019,2640,20/09/2018,t
2122,,A81045,2639,19/09/2018,f
2121,,F83007,96,18/09/2018,t
2120,,L83070,1281,18/09/2018,f
2119,15C,,2638,18/09/2018,t
2118,,P81016,2632,18/09/2018,t
2117,,P81713,2632,18/09/2018,t
2116,,P81092,2632,18/09/2018,t
2115,,P81063,2632,18/09/2018,t
2114,,P81159,2632,18/09/2018,t
2112,,P81681,2632,18/09/2018,t
2111,,P81172,2632,18/09/2018,t
2110,,P81054,2632,18/09/2018,t
2109,,P81066,2632,18/09/2018,t
2108,,P81074,2632,18/09/2018,t
2107,,P81760,2632,18/09/2018,t
2106,,P81072,2632,18/09/2018,t
2105,,P81004,2632,18/09/2018,t
2104,,P81073,2632,18/09/2018,t
2103,,P81115,2632,18/09/2018,t
2102,,P81081,2632,18/09/2018,t
2101,,P81042,2632,18/09/2018,t
2100,,P81714,2632,17/09/2018,t
2099,10Q,,2637,17/09/2018,f
2098,,M85064,2636,17/09/2018,t
2097,,C88648,2635,17/09/2018,t
2096,10Q,,2634,17/09/2018,t
2095,08K,,2633,17/09/2018,t
2094,10Q,,2633,17/09/2018,t
2093,00R,,2632,17/09/2018,t
2092,03Q,,2631,16/09/2018,f
2091,,P81659,2630,15/09/2018,f
2090,,P81734,2629,15/09/2018,f
2089,,P81212,2628,15/09/2018,f
2088,,M85064,2627,14/09/2018,t
2087,08X,,2626,14/09/2018,t
2086,,J82628,2625,13/09/2018,t
2085,99J,,2624,13/09/2018,f
2084,09N,,2623,13/09/2018,t
2083,,C86025,2622,12/09/2018,t
2082,,A83013,2621,12/09/2018,t
2081,14Y,,2033,11/09/2018,t
2080,08X,,2620,11/09/2018,t
2079,,C82042,2619,11/09/2018,t
2078,,L82045,2618,10/09/2018,t
2077,,L82024,2617,10/09/2018,t
2076,99A,,2616,10/09/2018,f
2075,04E,,2615,10/09/2018,t
2074,,F83032,2614,08/09/2018,t
2073,,Y02692,1832,07/09/2018,f
2072,01D,,2613,07/09/2018,f
2071,,E84032,2612,07/09/2018,f
2070,,G85013,2611,07/09/2018,t
2069,,A81005,2610,06/09/2018,f
2068,,C86009,2607,05/09/2018,f
2067,,F81142,2606,05/09/2018,f
2066,,F81001,2606,05/09/2018,f
2065,,F84013,2605,05/09/2018,t
2064,,F84018,2605,05/09/2018,t
2063,,G81074,2604,05/09/2018,f
2062,,L81008,2603,04/09/2018,t
2061,,L81008,2602,04/09/2018,f
2060,09D,,2601,04/09/2018,t
2059,,C84094,2599,04/09/2018,f
2058,,P88007,2598,03/09/2018,f
2057,,P88007,2597,03/09/2018,t
2056,,M88020,2596,01/09/2018,f
2055,,C84072,2595,31/08/2018,f
2054,04E,,2594,31/08/2018,t
2053,,C84710,2594,31/08/2018,t
2052,,P84020,1892,31/08/2018,t
2051,,L81015,2593,31/08/2018,t
2050,,A81012,2591,31/08/2018,t
2049,,A81005,2591,31/08/2018,t
2048,,A81022,2591,31/08/2018,t
2047,,A81004,2591,31/08/2018,t
2046,,A81038,2591,31/08/2018,t
2045,,A81030,2591,31/08/2018,t
2044,,A81049,2591,31/08/2018,t
2043,,L83105,2500,31/08/2018,t
2042,,L83050,2500,31/08/2018,t
2041,,L83106,2500,31/08/2018,t
2040,,D81043,2590,31/08/2018,t
2039,,L81073,1506,30/08/2018,t
2038,,L81064,1506,30/08/2018,t
2037,,L81045,1506,30/08/2018,t
2036,,P81186,595,30/08/2018,f
2035,04G,,2589,30/08/2018,t
2034,,L84004,2588,29/08/2018,f
2033,09Y,,2586,29/08/2018,f
2032,,A83048,2585,28/08/2018,f
2031,01D,,2584,24/08/2018,t
2030,01D,,2583,24/08/2018,t
2029,,B86658,2582,23/08/2018,t
2028,,F81072,2581,23/08/2018,f
2027,,Y01812,2580,22/08/2018,f
2026,04M,,2579,21/08/2018,t
2025,,N84627,2576,20/08/2018,t
2024,,M83056,2575,20/08/2018,t
2022,08V,,2573,19/08/2018,t
2021,,D82088,2572,18/08/2018,f
2020,,N81619,2571,17/08/2018,f
2019,10R,,2569,16/08/2018,t
2018,11N,,2568,15/08/2018,t
2017,,F82008,2567,15/08/2018,f
2016,,J82163,2566,15/08/2018,t
2015,,L81015,2565,15/08/2018,t
2014,,B82050,2564,15/08/2018,f
2013,,A83006,2563,14/08/2018,t
2012,,L81095,2562,14/08/2018,t
2011,,P87634,2561,14/08/2018,t
2010,01J,,2560,13/08/2018,f
2009,,H84040,2559,13/08/2018,t
2008,15E,,2558,13/08/2018,t
2007,,C88041,2557,13/08/2018,f
2006,,E85129,2556,10/08/2018,f
2005,,E85129,2555,10/08/2018,f
2004,,D82007,2554,10/08/2018,t
2003,09J,,2553,10/08/2018,f
2002,,L83607,2552,10/08/2018,t
2001,02T,,2551,10/08/2018,t
2000,,L84047,2550,09/08/2018,f
1999,,E83039,2549,09/08/2018,t
1998,,D83051,2548,09/08/2018,t
1997,02A,,2546,08/08/2018,f
1996,15E,,2545,08/08/2018,f
1995,,K83064,2544,08/08/2018,t
1994,,K83053,2544,08/08/2018,t
1993,,K83018,2544,08/08/2018,t
1992,,K83015,2544,08/08/2018,t
1991,00Q,,2543,08/08/2018,t
1990,,L83042,2541,07/08/2018,t
1989,,K82008,1194,06/08/2018,t
1988,,K84033,2538,06/08/2018,f
1987,02T,,2537,06/08/2018,t
1986,,A81038,1441,06/08/2018,t
1985,,A81020,1441,06/08/2018,t
1984,,A81023,1441,06/08/2018,t
1983,,A81030,1441,06/08/2018,t
1982,15E,,908,06/08/2018,f
1981,11N,,2536,06/08/2018,t
1980,09X,,277,06/08/2018,t
1979,09H,,277,06/08/2018,t
1978,,J82119,2535,06/08/2018,t
1977,,J82196,2535,06/08/2018,t
1976,,J82041,2535,06/08/2018,t
1975,,J82010,2535,06/08/2018,t
1974,,Y01281,2535,06/08/2018,t
1973,,J82134,2535,06/08/2018,t
1972,10L,,2533,06/08/2018,t
1971,,D82003,2531,02/08/2018,t
1970,,D83056,2411,02/08/2018,f
1969,01W,,2530,01/08/2018,t
1968,11J,,2529,01/08/2018,t
1967,,L83624,2528,01/08/2018,t
1966,,N81081,2527,01/08/2018,t
1965,,L81125,2526,01/08/2018,t
1964,,L81084,2526,01/08/2018,t
1963,,H82016,2524,31/07/2018,t
1962,09G,,2524,31/07/2018,t
1961,,L84018,2523,31/07/2018,f
1960,,L81061,2520,30/07/2018,t
1959,,L81089,2520,30/07/2018,t
1958,,L81091,2520,30/07/2018,t
1957,15D,,1454,30/07/2018,t
1956,,G82060,2516,30/07/2018,t
1955,15A,,2515,29/07/2018,f
1954,,E85054,2513,27/07/2018,t
1953,99P,,2506,27/07/2018,t
1952,,J82194,2504,27/07/2018,t
1951,,J82194,2502,26/07/2018,t
1949,,L83026,2500,26/07/2018,t
1947,,A83044,1570,26/07/2018,t
1946,,A83004,1570,26/07/2018,t
1945,07M,,2346,26/07/2018,t
1944,08X,,2492,26/07/2018,t
1943,,L81043,2401,26/07/2018,f
1942,,L81051,2401,26/07/2018,f
1941,99J,,2243,26/07/2018,t
1940,,K83043,2441,26/07/2018,t
1939,,G82697,785,26/07/2018,t
1938,,F86044,2486,26/07/2018,f
1937,,M81068,2485,25/07/2018,f
1936,,A84013,2484,25/07/2018,f
1935,00K,,2483,25/07/2018,t
1933,99K,,2481,25/07/2018,t
1932,,M91624,2480,25/07/2018,t
1931,,Y01929,2479,24/07/2018,f
1930,,F81018,2478,24/07/2018,f
1929,01Y,,2477,24/07/2018,t
1928,,L83045,2476,24/07/2018,t
1927,,P81079,2475,23/07/2018,t
1926,,L83643,2473,23/07/2018,f
1925,06H,,2471,20/07/2018,f
1924,09W,,2470,20/07/2018,t
1923,00P,,2469,20/07/2018,t
1922,03T,,2464,20/07/2018,t
1921,03T,,2466,20/07/2018,f
1920,04D,,2466,20/07/2018,f
1919,04D,,2464,20/07/2018,t
1918,,P81051,2463,20/07/2018,t
1917,,L81101,2461,20/07/2018,t
1916,11J,,2459,20/07/2018,t
1915,,J81030,2459,20/07/2018,t
1914,01V,,2457,20/07/2018,f
1913,01T,,2457,20/07/2018,f
1912,,G82142,2456,18/07/2018,f
1911,,F84122,2453,18/07/2018,f
1910,,M81075,1785,17/07/2018,t
1909,,M88026,2450,17/07/2018,t
1908,,P91035,2449,17/07/2018,t
1907,11M,,2447,17/07/2018,f
1906,,P91011,2446,17/07/2018,f
1905,,Y02506,2444,16/07/2018,t
1904,,K83023,2443,16/07/2018,f
1903,06H,,2441,16/07/2018,t
1902,,G82088,2440,16/07/2018,t
1901,,D82012,2439,16/07/2018,f
1900,,A84026,2438,14/07/2018,f
1899,06F,,2437,13/07/2018,f
1898,,B81077,2436,13/07/2018,f
1897,,L81086,2433,12/07/2018,t
1896,,C83063,2432,12/07/2018,t
1895,03N,,2431,11/07/2018,t
1894,05T,,1785,11/07/2018,t
1893,,Y02212,2429,10/07/2018,f
1892,10Q,,2428,09/07/2018,f
1891,,E87002,2427,09/07/2018,t
1890,,P89013,2426,09/07/2018,t
1889,08G,,2425,09/07/2018,t
1888,,M89019,2424,09/07/2018,t
1887,,L81034,2423,08/07/2018,t
1886,,L81027,2419,06/07/2018,t
1885,,F85656,2418,06/07/2018,f
1884,03H,,2417,06/07/2018,t
1883,,B84004,2416,06/07/2018,t
1882,08D,,2415,05/07/2018,t
1881,,M81017,2414,05/07/2018,f
1880,,P88021,2413,05/07/2018,t
1879,,D83056,2411,05/07/2018,t
1878,,C84045,2410,05/07/2018,t
1877,,M81034,2409,05/07/2018,t
1876,,M81629,2408,04/07/2018,t
1875,,M81034,2407,04/07/2018,f
1874,07J,,2404,03/07/2018,f
1873,,P91014,2402,03/07/2018,t
1872,,P91013,2402,03/07/2018,t
1871,,L81051,2401,03/07/2018,t
1870,,L81040,2400,03/07/2018,t
1868,,J83038,2397,03/07/2018,t
1867,,J82056,2395,02/07/2018,t
1866,,A81064,2394,02/07/2018,t
1865,,C88046,2393,01/07/2018,t
1864,,L82012,2392,30/06/2018,f
1863,,E84068,2391,29/06/2018,t
1862,,H82053,2389,28/06/2018,t
1861,,B81603,2388,28/06/2018,t
1860,,B81037,2387,28/06/2018,f
1859,,M84069,2385,28/06/2018,f
1858,,B82050,2384,28/06/2018,t
1857,,F85033,2383,27/06/2018,t
1856,01W,,2382,27/06/2018,t
1855,,K83036,2381,26/06/2018,f
1854,15E,,2380,26/06/2018,t
1853,,F83652,2369,26/06/2018,f
1852,,F83681,2378,26/06/2018,t
1851,,M83056,2375,26/06/2018,t
1850,10H,,2374,26/06/2018,f
1849,10Y,,2372,26/06/2018,f
1848,,K82603,2372,26/06/2018,f
1847,05N,,2371,26/06/2018,f
1846,,D83030,2370,25/06/2018,t
1845,08H,,2369,24/06/2018,f
1844,06M,,2368,24/06/2018,f
1843,,N81037,2367,24/06/2018,t
1842,,D83056,2366,23/06/2018,f
1841,,J82088,2365,23/06/2018,t
1840,,J82056,2364,22/06/2018,t
1839,09N,,2363,22/06/2018,t
1838,,M81003,2360,22/06/2018,t
1837,,M81016,2360,22/06/2018,t
1836,05F,,2360,22/06/2018,t
1835,,B83029,2358,21/06/2018,t
1834,06L,,2357,21/06/2018,f
1833,,P81082,2356,21/06/2018,f
1832,14L,,2355,21/06/2018,f
1831,11N,,1741,21/06/2018,t
1830,,B84013,2353,21/06/2018,t
1829,10Y,,2350,21/06/2018,f
1828,14Y,,2350,21/06/2018,f
1827,07R,,2349,21/06/2018,f
1826,99C,,2348,20/06/2018,t
1825,,E83008,2346,20/06/2018,t
1824,08G,,2344,20/06/2018,t
1823,,M92028,2342,20/06/2018,f
1822,02M,,2340,20/06/2018,t
1821,02M,,2339,20/06/2018,t
1820,,G85094,2336,20/06/2018,f
1819,,Y05206,2336,20/06/2018,f
1818,,G82058,2334,19/06/2018,f
1817,,B86044,584,19/06/2018,t
1816,,E85029,2034,19/06/2018,t
1815,,P83025,2328,19/06/2018,t
1814,06V,,2326,19/06/2018,t
1813,,L81069,598,19/06/2018,t
1812,,L81644,598,19/06/2018,t
1811,,L81070,598,19/06/2018,t
1810,07J,,2322,19/06/2018,t
1809,,M85108,180,19/06/2018,t
1808,,M89601,2320,18/06/2018,f
1807,15E,,2319,18/06/2018,t
1806,,J82009,2317,18/06/2018,f
1805,05L,,2316,18/06/2018,f
1804,10J,,2315,16/06/2018,f
1803,,K81014,2314,16/06/2018,f
1802,,E85127,2313,16/06/2018,t
1801,,A84002,2312,15/06/2018,t
1800,,E82067,2311,15/06/2018,t
1799,,L83092,2310,15/06/2018,f
1798,,B87031,2309,14/06/2018,f
1797,02M,,237,14/06/2018,t
1796,00R,,2306,14/06/2018,t
1795,02M,,2306,14/06/2018,t
1794,,C88015,2305,14/06/2018,t
1793,,H85069,2304,14/06/2018,t
1792,,F81097,2303,13/06/2018,t
1791,07J,,2302,13/06/2018,t
1790,08V,,2301,13/06/2018,f
1789,15E,,2300,13/06/2018,f
1788,11M,,2299,13/06/2018,t
1787,,J82605,2298,13/06/2018,t
1786,,M81627,2297,13/06/2018,f
1785,,P82025,1625,13/06/2018,t
1784,08A,,2225,13/06/2018,t
1783,,H84619,2294,12/06/2018,t
1782,,B82035,2291,12/06/2018,f
1781,,B82035,2290,12/06/2018,f
1780,,E84025,2289,11/06/2018,f
1779,,L84063,2287,11/06/2018,t
1778,,L81045,2286,11/06/2018,t
1777,,M81003,2284,11/06/2018,t
1776,,M81016,2284,11/06/2018,t
1775,,E85014,2283,09/06/2018,t
1774,99A,,2282,09/06/2018,f
1772,99M,,2278,08/06/2018,f
1771,,P82012,2276,08/06/2018,f
1770,,Y00159,2275,08/06/2018,f
1769,05L,,2274,07/06/2018,t
1768,,E84620,2272,07/06/2018,f
1767,99J,,2243,07/06/2018,t
1766,10D,,2243,07/06/2018,t
1765,08T,,2243,07/06/2018,t
1764,10C,,2243,07/06/2018,t
1763,99H,,2243,07/06/2018,t
1762,10A,,2243,07/06/2018,t
1761,08P,,2243,07/06/2018,t
1760,09Y,,2243,07/06/2018,t
1759,09W,,2243,07/06/2018,t
1758,08L,,2243,07/06/2018,t
1757,08K,,2243,07/06/2018,t
1756,08J,,2243,07/06/2018,t
1755,09X,,2243,07/06/2018,t
1754,09P,,2243,07/06/2018,t
1753,99K,,2243,07/06/2018,t
1752,09N,,2243,07/06/2018,t
1751,08A,,2243,07/06/2018,t
1750,09L,,2243,07/06/2018,t
1749,07V,,2243,07/06/2018,t
1748,09H,,2243,07/06/2018,t
1747,09G,,2243,07/06/2018,t
1746,09D,,2243,07/06/2018,t
1745,09E,,2243,07/06/2018,t
1744,07N,,2243,07/06/2018,t
1743,07Q,,2243,07/06/2018,t
1742,09C,,2243,07/06/2018,t
1741,99P,,2242,07/06/2018,t
1740,,E87768,2241,07/06/2018,t
1739,,B82050,2238,06/06/2018,f
1738,,F84096,2235,06/06/2018,t
1737,09G,,2233,05/06/2018,f
1736,03R,,2232,04/06/2018,t
1735,,G82042,2231,04/06/2018,f
1734,,A82646,2230,04/06/2018,f
1733,,K82008,2229,04/06/2018,f
1732,,P85005,2227,03/06/2018,t
1731,00Y,,2227,03/06/2018,t
1730,01G,,2226,01/06/2018,t
1729,08H,,2225,31/05/2018,t
1728,,P81197,2223,31/05/2018,f
1727,06M,,1529,31/05/2018,f
1726,,Y03124,2217,30/05/2018,f
1725,,F81012,2216,30/05/2018,f
1724,99Q,,2215,30/05/2018,f
1723,,N82009,2214,29/05/2018,t
1722,,J83038,2213,29/05/2018,t
1721,,J83038,2212,29/05/2018,t
1720,,G82071,2211,29/05/2018,f
1719,,F83623,2210,27/05/2018,f
1718,07R,,2208,27/05/2018,f
1717,,M91032,2206,27/05/2018,f
1716,,G81034,2205,25/05/2018,f
1715,08H,,2202,25/05/2018,t
1714,,F83039,2202,25/05/2018,t
1713,,F83686,2202,25/05/2018,t
1712,03A,,2201,25/05/2018,f
1711,,H85076,2200,24/05/2018,f
1710,,L84068,2199,24/05/2018,t
1709,11J,,2198,24/05/2018,t
1708,11M,,2194,24/05/2018,t
1707,11M,,2193,24/05/2018,f
1706,,Y00445,2189,23/05/2018,t
1705,,L82011,2187,23/05/2018,f
1704,15D,,2186,23/05/2018,t
1703,11M,,2184,23/05/2018,f
1702,11N,,2180,22/05/2018,f
1701,,M91032,2177,21/05/2018,f
1700,,L84031,2176,21/05/2018,f
1699,,L83607,2173,21/05/2018,f
1698,,G85105,2170,20/05/2018,f
1697,,G85127,2165,18/05/2018,f
1696,,C82031,2164,18/05/2018,f
1695,,L83131,2163,17/05/2018,f
1694,,E82074,2161,17/05/2018,f
1693,,E82100,2161,17/05/2018,f
1692,,F82013,2159,17/05/2018,f
1691,,F84086,2157,17/05/2018,f
1690,,N81082,2155,17/05/2018,f
1689,,F83057,2154,17/05/2018,f
1688,,P81010,2152,16/05/2018,f
1687,15C,,2150,16/05/2018,f
1686,03T,,2148,16/05/2018,f
1685,,D81003,2146,16/05/2018,f
1684,08H,,757,16/05/2018,f
1683,,D81015,2144,16/05/2018,f
1682,,K84008,1079,16/05/2018,f
1681,,L84014,2141,15/05/2018,f
1680,,L84048,2141,15/05/2018,f
1679,,F85634,2138,15/05/2018,f
1678,,P92020,2136,15/05/2018,f
1677,,L82043,2134,15/05/2018,f
1676,,M91621,2133,14/05/2018,f
1675,,M91621,2132,14/05/2018,f
1674,,K82073,2131,14/05/2018,f
1673,,Y02523,665,14/05/2018,f
1672,,F81057,2128,12/05/2018,f
1671,05L,,2126,12/05/2018,f
1670,06K,,2124,12/05/2018,f
1669,07W,,2124,12/05/2018,f
1668,,D81034,2123,11/05/2018,f
1667,,M81006,2122,11/05/2018,f
1666,,M84061,2119,11/05/2018,f
1665,,G81076,2118,11/05/2018,f
1664,,C88051,2117,10/05/2018,f
1663,,D83012,2116,10/05/2018,t
1662,,H85020,2114,10/05/2018,f
1661,,M81600,2112,10/05/2018,t
1660,,H81085,2111,10/05/2018,f
1659,,C88051,2109,10/05/2018,t
1658,01C,,2107,10/05/2018,f
1657,01C,,2106,10/05/2018,f
1656,,M81094,2104,09/05/2018,t
1655,,M81073,2103,09/05/2018,f
1654,06D,,2098,09/05/2018,f
1653,03X,,2095,08/05/2018,f
1652,,E83622,2094,08/05/2018,f
1651,,K81034,2093,08/05/2018,t
1649,,J83058,2091,08/05/2018,f
1648,,F85697,2090,08/05/2018,t
1647,,L84051,2088,08/05/2018,f
1646,08H,,2087,08/05/2018,f
1645,,K84047,2086,08/05/2018,t
1644,,P81687,2085,06/05/2018,f
1643,,G81658,2084,05/05/2018,f
1642,06V,,2082,04/05/2018,t
1641,,L85012,2080,04/05/2018,t
1640,11X,,2079,04/05/2018,t
1639,08M,,2077,03/05/2018,f
1638,06W,,2076,03/05/2018,f
1637,,F86040,431,03/05/2018,t
1636,,P81010,2074,03/05/2018,t
1635,,J82097,2070,02/05/2018,t
1634,09J,,2069,01/05/2018,t
1633,,L83111,2068,01/05/2018,t
1632,,M92649,1996,01/05/2018,t
1631,,M92042,1996,01/05/2018,t
1630,,M92007,1996,01/05/2018,t
1629,,M92014,1996,01/05/2018,t
1628,,M92011,1996,01/05/2018,t
1627,,L84054,2061,01/05/2018,t
1626,,L81028,2059,01/05/2018,t
1625,09L,,2058,30/04/2018,t
1624,04L,,2056,30/04/2018,t
1623,,Y00026,2056,30/04/2018,t
1622,00L,,2054,30/04/2018,f
1621,,K83032,2051,28/04/2018,t
1620,,N81088,2050,28/04/2018,f
1619,,E84620,2047,27/04/2018,f
1618,,A86037,2045,27/04/2018,t
1617,,L83624,2004,27/04/2018,t
1616,,F81076,2043,27/04/2018,t
1615,01X,,2042,27/04/2018,t
1614,15C,,2041,26/04/2018,t
1613,,C83614,2040,26/04/2018,t
1612,,L81094,2039,26/04/2018,t
1611,12D,,2038,26/04/2018,f
1610,,G82076,1430,26/04/2018,t
1609,08C,,2034,26/04/2018,t
1608,,E85029,2034,26/04/2018,t
1607,15E,,2034,26/04/2018,t
1606,14Y,,2033,26/04/2018,t
1605,,F83019,2032,26/04/2018,t
1604,,E82043,2031,25/04/2018,f
1603,,M91619,714,25/04/2018,t
1602,,Y00228,714,25/04/2018,t
1601,,F83681,2026,25/04/2018,f
1600,,F83027,2026,25/04/2018,f
1599,09N,,2025,25/04/2018,t
1598,15E,,2023,24/04/2018,t
1597,,F83010,2021,24/04/2018,f
1596,,F83010,2020,24/04/2018,f
1595,,F83010,2019,24/04/2018,t
1594,,F83010,2018,24/04/2018,f
1593,,F83010,2017,24/04/2018,f
1592,,F83010,2016,24/04/2018,f
1591,,F83010,2015,24/04/2018,f
1590,,F83010,2014,24/04/2018,f
1589,,F83010,2013,24/04/2018,f
1588,,F83010,2012,24/04/2018,f
1587,,F83010,2011,24/04/2018,f
1586,,F83010,2010,24/04/2018,f
1585,,F83010,2009,24/04/2018,t
1584,,L84012,2008,24/04/2018,t
1583,,L83651,2004,24/04/2018,t
1581,,L83646,2004,24/04/2018,t
1579,06A,,2003,24/04/2018,t
1578,,F83635,2002,24/04/2018,f
1577,,B82033,2001,23/04/2018,t
1576,,E84617,2000,23/04/2018,f
1575,,B86044,1999,23/04/2018,f
1574,,K83036,1997,23/04/2018,t
1573,06A,,1996,23/04/2018,t
1572,,P91615,1892,23/04/2018,t
1571,,P91619,1892,23/04/2018,t
1570,,L84084,1992,23/04/2018,t
1569,06A,,1991,23/04/2018,t
1568,,F84062,1990,23/04/2018,t
1567,03T,,1989,23/04/2018,f
1566,06M,,1634,23/04/2018,t
1565,,E81633,1987,23/04/2018,t
1564,,M85108,180,23/04/2018,t
1563,,M84069,1985,23/04/2018,f
1562,,G81100,1984,22/04/2018,t
1561,,K82046,1983,22/04/2018,t
1560,05T,,1982,21/04/2018,f
1559,,K83031,1981,21/04/2018,t
1558,,M85031,1980,21/04/2018,f
1557,99C,,1976,21/04/2018,f
1556,00L,,1976,21/04/2018,f
1555,13T,,1976,21/04/2018,f
1554,00J,,1976,21/04/2018,f
1553,,J82088,1975,20/04/2018,t
1552,08H,,1974,20/04/2018,t
1551,,G85011,1973,20/04/2018,t
1550,,L84068,1972,20/04/2018,f
1549,,P82031,1971,20/04/2018,t
1548,,B86642,1970,20/04/2018,f
1547,,L84018,1968,20/04/2018,f
1546,,L84012,1968,20/04/2018,f
1545,01K,,1962,20/04/2018,t
1544,06A,,1466,19/04/2018,t
1543,15E,,1960,19/04/2018,f
1542,07T,,1959,19/04/2018,t
1541,,H81051,1958,19/04/2018,t
1540,09N,,1957,18/04/2018,t
1539,,A81608,1956,18/04/2018,t
1538,,L83079,1955,18/04/2018,t
1537,,P87016,1954,18/04/2018,f
1536,,E84061,1953,18/04/2018,f
1535,,P81010,1952,18/04/2018,t
1534,99Q,,1951,17/04/2018,f
1533,11M,,1950,17/04/2018,t
1532,,P82008,1947,16/04/2018,t
1531,,C83022,1944,16/04/2018,f
1530,,F81097,1941,16/04/2018,t
1529,,P81073,1942,16/04/2018,f
1528,99G,,1941,16/04/2018,t
1527,,D81631,1939,15/04/2018,t
1526,,D81625,1939,15/04/2018,t
1524,,L81094,1935,13/04/2018,t
1523,,E84680,1934,13/04/2018,t
1522,,L83137,1933,13/04/2018,t
1521,,L81106,1931,13/04/2018,f
1520,04D,,1930,12/04/2018,t
1519,,P81035,1929,12/04/2018,f
1518,,G82028,1927,12/04/2018,t
1517,,P83605,1926,11/04/2018,f
1516,08D,,1925,11/04/2018,t
1515,11M,,1924,11/04/2018,t
1514,,J83042,1922,11/04/2018,f
1513,15C,,1921,11/04/2018,f
1512,15C,,1920,11/04/2018,f
1511,15C,,1919,11/04/2018,f
1510,,P81010,1914,10/04/2018,f
1509,,P81010,1912,10/04/2018,f
1508,,H83025,1910,10/04/2018,f
1507,11M,,1909,10/04/2018,t
1506,13P,,1908,09/04/2018,f
1505,,H82089,1907,09/04/2018,t
1504,,Y00184,1906,09/04/2018,t
1503,,F83666,1905,06/04/2018,f
1502,,J81010,1904,05/04/2018,t
1501,,F83015,1903,05/04/2018,t
1500,,F81150,1901,05/04/2018,t
1499,,E86015,1900,05/04/2018,t
1498,,K84047,1899,05/04/2018,t
1497,01M,,1896,04/04/2018,f
1496,,F81043,1895,03/04/2018,f
1495,03X,,1894,03/04/2018,t
1493,,P91629,1892,03/04/2018,t
1492,,L84616,1601,29/03/2018,t
1491,01Y,,1890,29/03/2018,t
1490,08J,,1889,29/03/2018,t
1489,11N,,1887,26/03/2018,t
1488,,B86036,1885,26/03/2018,f
1487,,B86092,1885,26/03/2018,f
1486,,P84059,1884,26/03/2018,f
1485,07H,,1875,23/03/2018,t
1484,07G,,1875,23/03/2018,t
1483,99G,,1875,23/03/2018,t
1482,06Q,,1875,23/03/2018,t
1481,06N,,1875,23/03/2018,t
1480,06K,,1875,23/03/2018,t
1479,99F,,1875,23/03/2018,t
1478,06F,,1875,23/03/2018,t
1477,99E,,1875,23/03/2018,t
1476,,H81029,1874,23/03/2018,f
1475,,G82119,1872,23/03/2018,t
1474,,E85029,1866,21/03/2018,f
1473,,F81141,1864,21/03/2018,t
1472,,E84068,1863,21/03/2018,t
1471,,P87024,1862,21/03/2018,t
1470,01G,,1860,21/03/2018,t
1469,,D82015,1859,21/03/2018,f
1468,,J81621,1858,20/03/2018,t
1467,,E84068,1856,20/03/2018,t
1466,,Y02117,1855,19/03/2018,t
1465,,P91014,1854,19/03/2018,f
1464,,E84008,1853,18/03/2018,t
1463,,L85042,1852,18/03/2018,t
1462,,P81003,1851,18/03/2018,t
1461,,E84068,1849,16/03/2018,t
1460,,E84025,1848,16/03/2018,t
1459,02R,,1847,16/03/2018,f
1458,,A81021,1846,16/03/2018,f
1457,,A83018,1845,16/03/2018,t
1456,,E87738,1844,16/03/2018,t
1455,,A83054,1842,15/03/2018,t
1454,,L83112,1836,15/03/2018,t
1453,,L83147,1836,15/03/2018,t
1452,,L83648,1836,15/03/2018,t
1451,,L83646,1836,15/03/2018,t
1450,,L83651,1836,15/03/2018,t
1449,,Y02692,1835,15/03/2018,t
1448,,D82104,1833,15/03/2018,t
1447,,Y02117,1832,15/03/2018,f
1446,,B82020,1830,15/03/2018,t
1445,,Y02117,1829,14/03/2018,t
1444,,Y00206,1828,14/03/2018,t
1443,,F83056,1827,14/03/2018,t
1442,,Y01011,1826,14/03/2018,f
1441,,E87063,1825,14/03/2018,t
1440,,Y01066,1822,14/03/2018,t
1439,,F83683,1821,14/03/2018,f
1438,,Y01011,1820,14/03/2018,f
1437,,Y01011,1819,14/03/2018,t
1436,,F83635,1818,14/03/2018,f
1435,,E87063,1817,14/03/2018,f
1433,,E84075,1814,14/03/2018,t
1432,,F83056,1813,14/03/2018,t
1431,,G85053,1812,14/03/2018,f
1430,,H81020,1810,13/03/2018,f
1429,99A,,1808,12/03/2018,t
1428,,P87028,1807,12/03/2018,t
1427,,L83022,1806,12/03/2018,t
1426,08H,,1805,11/03/2018,t
1425,08H,,1804,11/03/2018,f
1424,99A,,1803,09/03/2018,t
1423,11N,,1802,09/03/2018,f
1422,,G83009,1801,09/03/2018,f
1421,,G83049,1800,08/03/2018,t
1420,,N84012,1799,08/03/2018,t
1419,,M91642,1797,07/03/2018,t
1418,,M85701,1797,07/03/2018,t
1417,,C88047,1795,07/03/2018,f
1416,02H,,1793,07/03/2018,f
1415,99P,,1792,07/03/2018,f
1414,,K81055,1791,07/03/2018,f
1413,,P86018,1790,07/03/2018,f
1412,07V,,1789,07/03/2018,t
1411,15C,,1788,06/03/2018,t
1410,,K81063,1787,06/03/2018,t
1409,,M81079,1785,06/03/2018,t
1408,,K83036,1783,06/03/2018,f
1407,,B82030,1782,05/03/2018,t
1406,,F83010,1781,05/03/2018,f
1405,,C82610,1780,05/03/2018,f
1404,04C,,1779,05/03/2018,f
1403,11X,,1777,03/03/2018,t
1402,,F81739,1776,03/03/2018,f
1401,,P87022,1772,02/03/2018,t
1400,,P87651,1772,02/03/2018,t
1399,,P87648,1772,02/03/2018,t
1398,10Q,,1770,01/03/2018,t
1397,,F86689,1767,28/02/2018,f
1394,08Q,,1764,28/02/2018,f
1393,08Q,,1762,28/02/2018,f
1392,08K,,1762,28/02/2018,f
1391,08M,,1761,28/02/2018,t
1390,,L85611,1759,28/02/2018,t
1389,,L85002,1759,28/02/2018,t
1388,,L81106,1757,27/02/2018,f
1387,,D81033,1756,27/02/2018,f
1386,09D,,1755,27/02/2018,f
1385,04C,,1753,27/02/2018,f
1384,,D81636,1752,27/02/2018,t
1383,,Y02203,1751,27/02/2018,f
1382,,N84621,1749,26/02/2018,t
1381,06A,,1748,26/02/2018,t
1380,11M,,1746,26/02/2018,t
1379,06A,,1745,26/02/2018,t
1378,06A,,1744,26/02/2018,t
1377,06A,,1743,26/02/2018,t
1376,02T,,1742,26/02/2018,t
1375,11N,,1741,26/02/2018,t
1374,,L83056,1738,25/02/2018,t
1373,,L83056,1737,25/02/2018,t
1372,,L83100,1736,25/02/2018,f
1371,00P,,1735,25/02/2018,f
1370,,L81081,1734,25/02/2018,t
1369,,L81078,1733,23/02/2018,f
1368,,M91008,1732,23/02/2018,f
1367,,Y00189,1730,23/02/2018,t
1366,,L85022,1730,23/02/2018,t
1365,03W,,1728,23/02/2018,f
1364,,M82023,1637,23/02/2018,t
1363,,M82011,1637,23/02/2018,t
1362,,M82013,1637,23/02/2018,t
1361,,K83068,1721,23/02/2018,f
1360,02E,,1719,23/02/2018,t
1359,,N81086,1718,23/02/2018,f
1358,,F85033,1717,23/02/2018,f
1357,,Y05212,1601,22/02/2018,t
1356,,L84616,1601,22/02/2018,t
1355,,L81031,1714,22/02/2018,t
1354,,L83038,1047,22/02/2018,t
1353,10Q,,1711,22/02/2018,t
1352,,F81043,1708,19/02/2018,t
1351,,P81074,1707,16/02/2018,f
1350,11X,,1706,16/02/2018,f
1349,,P81087,700,16/02/2018,f
1348,02M,,700,16/02/2018,f
1347,,C88060,1697,15/02/2018,t
1345,,C88077,1697,15/02/2018,t
1341,,C88049,1697,15/02/2018,t
1340,,C88019,1201,14/02/2018,t
1339,01G,,1693,14/02/2018,t
1338,08M,,1690,14/02/2018,t
1337,99E,,1690,14/02/2018,t
1336,,P88021,1684,14/02/2018,t
1335,,P88006,1684,14/02/2018,t
1334,,P88002,1684,14/02/2018,t
1333,,P88625,1684,14/02/2018,t
1332,15D,,1683,13/02/2018,t
1331,,Y00445,1682,13/02/2018,t
1330,,B81008,1681,13/02/2018,t
1329,,F82008,1680,13/02/2018,t
1328,11N,,1679,12/02/2018,t
1327,,P88012,1678,12/02/2018,f
1326,,N84627,1675,12/02/2018,t
1325,,N84026,1675,12/02/2018,t
1324,,N84621,1675,12/02/2018,t
1323,00V,,1672,10/02/2018,t
1322,,P89029,1671,09/02/2018,f
1321,,C88016,1670,09/02/2018,f
1320,,B86017,1669,09/02/2018,f
1319,02F,,1668,09/02/2018,t
1318,,E87681,1667,09/02/2018,t
1317,,C84101,1665,08/02/2018,t
1316,,F82009,1664,08/02/2018,f
1315,,B83604,1662,08/02/2018,f
1314,,M83059,1661,08/02/2018,f
1313,,P81043,1660,08/02/2018,t
1312,,J82005,1659,08/02/2018,t
1311,,P81016,1658,07/02/2018,t
1310,03N,,1657,07/02/2018,t
1309,,C88051,1654,07/02/2018,f
1308,02X,,1652,06/02/2018,f
1307,,L83042,1651,06/02/2018,t
1306,,B85655,1650,06/02/2018,t
1305,,L83049,1649,05/02/2018,f
1304,,C84024,1648,04/02/2018,f
1303,,G85642,1647,04/02/2018,t
1302,,J82022,1646,02/02/2018,f
1301,,L83020,1645,02/02/2018,t
1300,,Y01139,1642,02/02/2018,f
1299,,J83046,1641,01/02/2018,t
1298,04M,,1640,01/02/2018,t
1297,,M82017,1637,31/01/2018,t
1296,,L83070,1281,31/01/2018,t
1295,,D83030,1634,31/01/2018,t
1294,,J82163,1633,31/01/2018,f
1293,,B81061,1626,31/01/2018,t
1292,,B81658,1626,31/01/2018,t
1291,,B81010,1626,31/01/2018,t
1290,,B81100,1626,31/01/2018,t
1289,,B81653,1626,31/01/2018,t
1288,,B81101,1626,31/01/2018,t
1287,,B81602,1626,31/01/2018,t
1286,,Y03079,1625,31/01/2018,t
1285,,L83116,1624,31/01/2018,f
1282,,F83008,1621,30/01/2018,t
1281,07P,,1620,30/01/2018,f
1280,,B82014,1616,29/01/2018,f
1279,,E83030,1612,29/01/2018,f
1278,07M,,1612,29/01/2018,f
1277,,G81100,1611,28/01/2018,f
1276,,G85134,1610,28/01/2018,f
1275,,E87069,1609,28/01/2018,t
1274,,E87714,1608,27/01/2018,t
1273,,E87681,1604,27/01/2018,t
1272,09A,,1603,26/01/2018,t
1271,,L84023,1601,26/01/2018,t
1270,,L81054,1600,26/01/2018,t
1269,11M,,1599,26/01/2018,t
1268,06P,,1597,26/01/2018,t
1267,,D81062,1596,26/01/2018,t
1266,,E85636,1595,25/01/2018,f
1265,,C88047,1592,25/01/2018,t
1264,08T,,1591,25/01/2018,f
1263,,K83077,1590,24/01/2018,f
1262,01X,,1589,24/01/2018,t
1261,,G82090,1585,24/01/2018,f
1260,,G82119,1585,24/01/2018,f
1259,12D,,1583,24/01/2018,t
1258,,B83014,1581,24/01/2018,f
1257,,A86004,1579,23/01/2018,f
1255,,B83019,1574,23/01/2018,t
1254,,B82027,1558,23/01/2018,t
1252,,Y00164,1561,22/01/2018,t
1251,04D,,1559,22/01/2018,t
1250,,K84026,1144,22/01/2018,f
1247,,H81025,1548,21/01/2018,f
1246,,H81664,1548,21/01/2018,f
1245,,H82083,1544,19/01/2018,f
1244,,K82036,1543,19/01/2018,f
1243,,C88008,1542,19/01/2018,f
1242,05L,,410,18/01/2018,f
1241,,E83622,1536,18/01/2018,f
1240,,C88035,1534,18/01/2018,t
1239,,Y05230,1533,18/01/2018,f
1237,,D83002,1529,17/01/2018,f
1236,,Y00164,1529,17/01/2018,f
1235,,L84023,1527,17/01/2018,t
1234,,B82045,1248,17/01/2018,f
1232,,E83637,1523,15/01/2018,f
1231,15F,,1051,15/01/2018,t
1230,,M88038,1521,15/01/2018,t
1229,,C83031,1520,15/01/2018,t
1228,,M81044,1519,13/01/2018,t
1227,,B83055,1263,13/01/2018,f
1226,,J82088,1516,11/01/2018,t
1225,00Q,,1514,11/01/2018,f
1224,,M81042,1090,10/01/2018,t
1223,,H81029,1512,10/01/2018,t
1222,11N,,1510,10/01/2018,t
1221,,J83041,1506,09/01/2018,t
1220,,J83055,1506,09/01/2018,t
1219,,J83006,1506,09/01/2018,t
1218,,J83029,1506,09/01/2018,t
1217,,C88085,1505,09/01/2018,t
1216,,C88085,1503,09/01/2018,f
1215,07W,,1502,08/01/2018,f
1214,06F,,1501,08/01/2018,f
1213,06F,,1500,08/01/2018,f
1212,,B83019,1499,07/01/2018,f
1211,01M,,1498,07/01/2018,t
1210,11M,,1497,07/01/2018,t
1209,,C87030,1486,05/01/2018,t
1208,,C87030,1482,05/01/2018,f
1207,,K84052,1481,05/01/2018,t
1206,,C83023,1480,04/01/2018,f
1205,,E84620,1478,03/01/2018,f
1204,,C87016,1476,02/01/2018,f
1203,03L,,1476,02/01/2018,t
1202,,L84034,1472,02/01/2018,t
1201,,Y04995,1471,02/01/2018,t
1200,,L84052,1472,02/01/2018,t
1199,,C81024,1471,02/01/2018,t
1198,10Q,,1470,31/12/2017,f
1197,,M86020,1468,29/12/2017,f
1196,,E82024,1467,28/12/2017,f
1195,06A,,1466,27/12/2017,t
1194,,L81669,900,27/12/2017,t
1193,,L81037,900,27/12/2017,t
1192,,C82610,1460,25/12/2017,t
1191,,C84705,1459,22/12/2017,t
1190,,P91021,1457,22/12/2017,t
1186,04N,,1452,22/12/2017,t
1185,04K,,1452,22/12/2017,t
1184,,H82003,1450,21/12/2017,f
1183,,F82053,1448,21/12/2017,f
1182,,P92041,1447,21/12/2017,t
1181,02V,,1446,21/12/2017,f
1180,,P89005,1445,21/12/2017,f
1179,09G,,1444,21/12/2017,t
1175,,F84735,1440,21/12/2017,f
1174,,B83054,480,21/12/2017,t
1173,,L81123,1436,21/12/2017,t
1172,00T,,1435,21/12/2017,f
1171,07V,,1434,20/12/2017,t
1170,,C81008,1355,20/12/2017,t
1169,03A,,1431,20/12/2017,f
1168,99J,,1430,20/12/2017,t
1167,,J82046,1429,19/12/2017,t
1166,,C84123,1424,19/12/2017,t
1165,,C84113,1424,19/12/2017,t
1164,,C84009,1424,19/12/2017,t
1163,,C84019,1424,19/12/2017,t
1162,,C84656,1424,19/12/2017,t
1161,99P,,1423,19/12/2017,f
1160,99H,,1421,19/12/2017,t
1159,,H81081,1420,18/12/2017,f
1158,99P,,1419,18/12/2017,f
1157,,F83060,1418,16/12/2017,f
1156,99J,,1417,16/12/2017,f
1155,,E85015,1415,13/12/2017,t
1154,,A86003,1414,13/12/2017,t
1153,,P85605,1413,13/12/2017,t
1152,,B82028,1412,13/12/2017,t
1151,,D82613,1411,13/12/2017,t
1150,99P,,1409,13/12/2017,f
1149,99Q,,1409,13/12/2017,f
1148,07Y,,1408,13/12/2017,f
1147,15D,,1407,13/12/2017,t
1146,06Y,,1405,13/12/2017,t
1145,06W,,1405,13/12/2017,t
1144,,A86030,1404,13/12/2017,t
1143,09G,,1402,12/12/2017,t
1142,,D83041,1401,12/12/2017,f
1141,,L84020,1400,12/12/2017,t
1140,,J81029,1398,12/12/2017,t
1139,,F84660,1397,11/12/2017,f
1138,,J83009,1396,11/12/2017,t
1137,,H81055,1301,11/12/2017,t
1136,99A,,1394,11/12/2017,t
1135,08D,,1393,11/12/2017,t
1134,,D81013,1392,09/12/2017,f
1133,99N,,1391,09/12/2017,f
1132,,K84035,1390,08/12/2017,f
1131,08W,,1389,08/12/2017,t
1130,03W,,1388,08/12/2017,f
1129,09J,,1387,08/12/2017,t
1128,08E,,1385,08/12/2017,t
1127,,L81027,1384,08/12/2017,f
1126,,P84068,1383,07/12/2017,t
1125,07W,,1382,07/12/2017,f
1124,08R,,1381,07/12/2017,t
1123,,D83038,1380,06/12/2017,f
1122,01Y,,1379,06/12/2017,t
1121,04V,,1376,05/12/2017,t
1120,03W,,1376,05/12/2017,t
1119,04C,,1376,05/12/2017,t
1118,06T,,1374,05/12/2017,f
1117,03G,,1372,04/12/2017,f
1116,14L,,1371,04/12/2017,f
1115,,A83047,1365,04/12/2017,t
1114,,P92605,1368,04/12/2017,t
1113,,A83005,1365,04/12/2017,t
1112,,A81609,1365,04/12/2017,t
1111,,A81057,1365,04/12/2017,t
1110,,L83023,1364,04/12/2017,f
1109,,K83037,1363,04/12/2017,f
1108,,J82196,1362,03/12/2017,t
1107,,L81082,1361,01/12/2017,t
1106,,D81010,1360,01/12/2017,f
1105,,D82020,1359,01/12/2017,t
1104,,A81036,1358,01/12/2017,t
1103,,P84061,1357,30/11/2017,t
1102,,C81008,1355,30/11/2017,t
1101,,L83137,265,30/11/2017,t
1096,,A83034,1348,30/11/2017,f
1095,,C81008,1346,30/11/2017,t
1094,,Y04995,1346,30/11/2017,t
1093,,G85024,1345,30/11/2017,f
1092,07P,,1344,30/11/2017,f
1091,99A,,1165,29/11/2017,f
1090,,J82130,1342,29/11/2017,f
1089,,J82094,1340,29/11/2017,f
1088,,P84630,1339,29/11/2017,t
1087,,P89014,1338,29/11/2017,t
1086,99Q,,1337,28/11/2017,f
1085,99P,,1335,28/11/2017,t
1084,99Q,,1335,28/11/2017,t
1083,,L82011,1334,28/11/2017,t
1082,06A,,1332,28/11/2017,t
1081,,J84015,1331,27/11/2017,f
1080,,K83616,1321,27/11/2017,t
1079,,K83030,1321,27/11/2017,t
1078,,K83080,1321,27/11/2017,t
1077,,K83007,1321,27/11/2017,t
1076,,K83044,1321,27/11/2017,t
1075,,K83024,1321,27/11/2017,t
1074,,K83065,1321,27/11/2017,t
1073,,K83028,1321,27/11/2017,t
1072,,K83069,1321,27/11/2017,t
1071,04G,,1321,27/11/2017,t
1070,11M,,1320,27/11/2017,f
1069,,K83021,1319,27/11/2017,t
1068,09J,,1318,27/11/2017,f
1067,,Y03063,1317,27/11/2017,t
1066,06H,,1316,26/11/2017,f
1065,,N81042,1314,25/11/2017,t
1062,99J,,1311,24/11/2017,t
1061,,B83029,1310,24/11/2017,t
1060,04K,,1306,23/11/2017,t
1059,04E,,1306,23/11/2017,t
1058,04H,,1306,23/11/2017,t
1057,07V,,1304,23/11/2017,t
1056,,H83016,1304,23/11/2017,t
1055,,K83625,1303,23/11/2017,t
1054,,L84077,1302,23/11/2017,f
1053,09L,,1301,22/11/2017,t
1052,,A81044,1299,22/11/2017,t
1051,00K,,1299,22/11/2017,t
1050,,D81009,1297,21/11/2017,t
1049,,M88038,1296,21/11/2017,t
1048,,P81197,1295,21/11/2017,t
1047,04D,,1293,20/11/2017,t
1046,,F81681,1292,20/11/2017,f
1045,03F,,1291,19/11/2017,t
1044,,E84015,1289,17/11/2017,t
1042,,Y00028,1288,16/11/2017,f
1041,,L82009,1287,15/11/2017,f
1040,,L82009,1286,15/11/2017,f
1039,,P84068,1285,15/11/2017,f
1038,06L,,1284,15/11/2017,f
1037,06L,,1283,15/11/2017,f
1036,,L83070,1281,15/11/2017,t
1035,04V,,1272,15/11/2017,t
1034,04C,,1272,15/11/2017,t
1033,03W,,1272,15/11/2017,t
1032,04Q,,1272,15/11/2017,t
1031,99D,,1272,15/11/2017,t
1030,03H,,1272,15/11/2017,t
1029,04D,,1272,15/11/2017,t
1028,03T,,1272,15/11/2017,t
1027,03K,,1272,15/11/2017,t
1026,,L81089,1271,15/11/2017,t
1025,,L81089,1270,14/11/2017,t
1024,06M,,1269,14/11/2017,f
1023,,L83146,1266,13/11/2017,t
1022,,L83130,1266,13/11/2017,t
1021,,L83013,1266,13/11/2017,t
1020,,B83055,1263,12/11/2017,t
1019,,Y04236,1262,12/11/2017,f
1018,,E87742,1260,11/11/2017,t
1017,,K82029,1259,11/11/2017,f
1016,,N85047,1258,11/11/2017,t
1015,04C,,1256,10/11/2017,f
1014,,D81033,1255,10/11/2017,f
1013,08P,,1253,10/11/2017,t
1012,,L83118,1252,10/11/2017,t
1011,,F82005,1251,09/11/2017,t
1010,,D83055,1250,09/11/2017,f
1009,,K83008,1249,09/11/2017,f
1008,,B82049,1248,09/11/2017,t
1007,,B86051,447,09/11/2017,t
1006,,K83037,1169,09/11/2017,t
1005,,K83021,1169,09/11/2017,t
1004,,K83625,1169,09/11/2017,t
1003,,K83039,1169,09/11/2017,t
1002,,L83078,1242,09/11/2017,t
1001,,K83036,1241,08/11/2017,t
1000,,N81120,1238,08/11/2017,f
999,,M81083,1237,08/11/2017,f
998,,M86030,994,08/11/2017,t
997,11N,,1235,08/11/2017,f
996,14Y,,1232,08/11/2017,t
995,06H,,1233,08/11/2017,t
993,,L81068,894,08/11/2017,t
992,,H85100,1228,08/11/2017,t
991,,H85075,1228,08/11/2017,t
990,,H85048,1228,08/11/2017,t
989,03R,,1217,08/11/2017,t
988,03J,,1217,08/11/2017,t
987,15F,,1217,08/11/2017,t
984,03E,,1217,08/11/2017,t
983,03A,,1217,08/11/2017,t
982,02T,,1217,08/11/2017,t
981,02R,,1217,08/11/2017,t
980,02W,,1217,08/11/2017,t
979,02N,,1217,08/11/2017,t
978,,P81104,1216,08/11/2017,t
977,99E,,1215,08/11/2017,t
976,,C81033,1213,07/11/2017,t
975,,C81029,1213,07/11/2017,t
974,,M85093,1212,07/11/2017,t
973,,Y01922,1210,07/11/2017,f
972,11N,,1210,07/11/2017,f
971,,E85636,1209,07/11/2017,t
970,,K83036,1169,06/11/2017,t
969,08L,,1206,06/11/2017,t
968,,B82066,1204,06/11/2017,t
967,,F81649,753,06/11/2017,t
966,04F,,1202,05/11/2017,f
965,,C88019,1201,05/11/2017,t
964,,B81036,1199,05/11/2017,t
963,08C,,1198,04/11/2017,t
962,02P,,1197,03/11/2017,t
961,,B85028,1196,03/11/2017,f
960,,B83052,1195,03/11/2017,f
959,,K82008,1194,03/11/2017,t
958,,L81637,598,02/11/2017,t
957,,L81065,598,02/11/2017,t
956,,J82163,1189,02/11/2017,t
955,09A,,1186,02/11/2017,t
954,,Y02260,1186,02/11/2017,t
953,06H,,1185,01/11/2017,f
952,,Y00056,1184,01/11/2017,t
951,,D81012,1183,01/11/2017,t
950,,L83034,1178,31/10/2017,t
949,,L83046,1178,31/10/2017,t
948,,K81036,1177,31/10/2017,t
947,00M,,660,30/10/2017,t
946,04J,,1175,30/10/2017,f
945,08V,,1174,30/10/2017,f
944,,F82010,1172,29/10/2017,t
943,,E87637,1171,29/10/2017,t
942,10Q,,1170,29/10/2017,f
941,,K83013,1169,29/10/2017,t
940,05X,,1168,28/10/2017,t
939,,L83651,1167,28/10/2017,f
938,09W,,1166,27/10/2017,t
937,,N82062,1165,27/10/2017,f
936,,G82036,1163,27/10/2017,t
935,,A84042,1162,27/10/2017,t
934,,K83051,1158,26/10/2017,t
933,08H,,1157,25/10/2017,t
932,11E,,1156,25/10/2017,f
931,,L82023,1155,24/10/2017,t
930,,D83002,943,24/10/2017,t
929,,D83034,943,24/10/2017,t
928,,D83010,943,24/10/2017,t
927,,D82003,943,24/10/2017,t
926,,Y00164,943,24/10/2017,t
925,,F81741,1149,24/10/2017,f
924,,P83017,1148,23/10/2017,f
923,,G82036,1147,23/10/2017,t
922,,P83001,1146,23/10/2017,t
921,,P83001,1145,23/10/2017,f
920,,K84026,1144,23/10/2017,t
919,,L83118,1143,23/10/2017,f
918,,M85175,1142,21/10/2017,t
917,99C,,1141,20/10/2017,t
916,,F81741,1139,20/10/2017,t
915,,F84018,1137,20/10/2017,t
914,,F84088,1135,19/10/2017,f
913,,F84088,1134,19/10/2017,f
912,,M82616,1133,18/10/2017,t
911,03M,,1130,18/10/2017,f
910,,H82084,1129,18/10/2017,t
909,,E83031,1128,18/10/2017,f
908,,M81090,1127,18/10/2017,f
907,06D,,1126,17/10/2017,f
906,,K84050,1125,17/10/2017,f
905,,M87024,1124,16/10/2017,f
904,08D,,1123,16/10/2017,t
903,13P,,1122,16/10/2017,f
902,,J83633,1120,14/10/2017,t
901,99Q,,1118,13/10/2017,t
900,,M81033,1117,13/10/2017,t
899,,N85012,1116,13/10/2017,t
898,,J83035,1111,13/10/2017,f
897,12D,,1111,13/10/2017,t
896,,J83035,1111,13/10/2017,t
895,01G,,1110,13/10/2017,t
894,,C82016,1109,13/10/2017,t
893,01G,,1107,13/10/2017,f
892,,G81046,1106,13/10/2017,f
891,,Y02521,1105,13/10/2017,t
890,,M81605,1103,13/10/2017,f
889,,M81045,1102,12/10/2017,t
888,,L85008,1101,12/10/2017,f
887,03L,,1100,12/10/2017,t
886,,C87015,1097,12/10/2017,f
885,,C87013,1097,12/10/2017,f
884,03L,,1096,12/10/2017,f
883,,L85002,1095,12/10/2017,t
882,,B82074,1093,12/10/2017,f
881,,L85041,1092,12/10/2017,f
880,,F83011,1091,12/10/2017,t
879,,M81075,1090,12/10/2017,t
878,06H,,1089,12/10/2017,t
877,,M81068,1086,12/10/2017,t
876,,M81015,1086,12/10/2017,t
875,,M81608,1086,12/10/2017,t
874,11X,,1085,12/10/2017,t
873,09G,,1084,11/10/2017,t
872,,D83028,1083,11/10/2017,t
871,99A,,1082,11/10/2017,t
870,,J84004,1081,11/10/2017,t
869,99J,,1080,11/10/2017,t
868,10Q,,1079,11/10/2017,f
867,,D83028,1078,11/10/2017,t
866,,B82047,1077,10/10/2017,t
865,,H83016,1076,10/10/2017,t
864,09D,,1075,10/10/2017,f
863,00C,,1074,10/10/2017,t
862,,L83038,1047,10/10/2017,t
861,,L83608,1047,10/10/2017,t
860,99Q,,1047,10/10/2017,t
859,99P,,1047,10/10/2017,t
858,11N,,1068,10/10/2017,t
857,,C82038,1066,10/10/2017,t
856,04F,,1065,10/10/2017,t
855,,N81619,1064,09/10/2017,f
854,00C,,1062,09/10/2017,t
853,01W,,1061,09/10/2017,f
852,06K,,1059,09/10/2017,f
851,03K,,1016,09/10/2017,f
850,05T,,1057,09/10/2017,f
849,,D83044,1056,09/10/2017,t
848,,C81615,1055,09/10/2017,f
847,,L83121,1054,09/10/2017,f
846,,F83004,1052,08/10/2017,f
845,,B86075,1051,07/10/2017,t
844,99H,,1050,07/10/2017,t
843,,D82012,1049,07/10/2017,f
842,,K82023,1048,07/10/2017,f
841,,K83068,1046,06/10/2017,t
840,,F84735,1045,06/10/2017,t
839,,B83035,1043,05/10/2017,f
838,,N84605,1042,05/10/2017,f
837,15E,,908,05/10/2017,t
836,11N,,1034,05/10/2017,t
835,,H85105,1036,05/10/2017,f
834,,Y04957,1034,05/10/2017,t
833,,Y02521,1032,04/10/2017,f
832,,L83067,1031,04/10/2017,f
831,,B83015,1030,04/10/2017,t
830,,F81144,1029,04/10/2017,t
829,,E86028,1028,04/10/2017,f
828,,E82663,1027,04/10/2017,t
827,,B85028,1026,04/10/2017,f
826,,D81025,1025,03/10/2017,t
825,,F83660,1024,03/10/2017,f
824,,F84034,1023,03/10/2017,f
823,,H82053,1022,03/10/2017,f
822,,P81017,1021,03/10/2017,f
821,,C83001,1020,03/10/2017,t
820,,G81638,1019,03/10/2017,f
819,,K82008,1018,03/10/2017,f
818,,A83034,1017,03/10/2017,t
817,,B81064,1016,03/10/2017,f
816,,B81064,1014,03/10/2017,f
815,,M85111,1014,03/10/2017,f
814,,J84013,1013,03/10/2017,f
813,,M81041,1012,03/10/2017,t
812,,J82051,1011,03/10/2017,f
811,,J84013,1010,03/10/2017,f
810,,P84665,1009,03/10/2017,f
809,99H,,1008,02/10/2017,f
808,,N85018,1007,02/10/2017,t
807,,A81027,1006,02/10/2017,f
806,,M85026,1005,02/10/2017,t
805,03A,,1004,02/10/2017,f
804,01R,,1003,02/10/2017,t
803,,A81046,1002,02/10/2017,f
802,08R,,1001,02/10/2017,t
801,07L,,1000,02/10/2017,f
800,08A,,999,02/10/2017,t
799,,N83060,997,02/10/2017,t
798,00Y,,996,02/10/2017,t
797,02F,,995,29/09/2017,t
796,,M86030,994,29/09/2017,t
795,,F84062,993,28/09/2017,t
794,,M82034,992,28/09/2017,f
793,00J,,991,28/09/2017,f
792,,C81032,990,28/09/2017,t
791,,L84045,989,28/09/2017,t
790,,Y02849,988,28/09/2017,t
789,11N,,987,28/09/2017,f
788,,F84717,986,27/09/2017,t
787,08H,,96,27/09/2017,t
786,07Y,,984,26/09/2017,t
785,06H,,983,26/09/2017,t
784,02N,,982,26/09/2017,t
783,,K83022,981,26/09/2017,t
782,08H,,980,25/09/2017,t
781,,P83021,973,25/09/2017,t
780,,P83024,973,25/09/2017,t
779,,P83017,973,25/09/2017,t
778,,P83010,973,25/09/2017,t
777,,P83001,973,25/09/2017,t
776,,P83605,973,25/09/2017,t
775,,P83007,973,25/09/2017,t
774,,G85705,972,25/09/2017,f
773,08X,,971,25/09/2017,t
772,08X,,970,25/09/2017,f
771,,M92007,969,22/09/2017,f
770,,K84007,968,22/09/2017,t
769,,B83055,967,22/09/2017,t
768,,M85083,966,21/09/2017,f
767,,K83003,957,21/09/2017,t
766,,K83035,957,21/09/2017,t
765,,K83008,957,21/09/2017,t
764,,K83014,957,21/09/2017,t
763,,K83027,957,21/09/2017,t
762,,K83010,957,21/09/2017,t
761,,K83041,957,21/09/2017,t
760,12F,,954,21/09/2017,t
759,02E,,954,21/09/2017,t
758,02F,,954,21/09/2017,t
757,,B83054,480,21/09/2017,t
756,,Y04927,136,20/09/2017,t
755,,J83032,951,20/09/2017,t
754,,B83058,949,20/09/2017,t
753,,H81046,945,20/09/2017,t
752,,H81030,945,20/09/2017,t
751,,H81005,945,20/09/2017,t
750,,H81058,945,20/09/2017,t
749,,Y03595,944,20/09/2017,t
748,06M,,943,20/09/2017,t
747,10Q,,940,19/09/2017,t
746,08E,,940,19/09/2017,t
745,15C,,939,19/09/2017,t
744,,K84054,938,18/09/2017,t
743,,D83046,936,14/09/2017,f
742,,M85178,935,13/09/2017,f
741,99P,,933,13/09/2017,t
740,,B83054,480,13/09/2017,t
739,08E,,930,12/09/2017,f
738,,J81062,929,12/09/2017,t
737,05P,,928,12/09/2017,t
736,,P89015,927,11/09/2017,t
735,,H82034,578,11/09/2017,t
734,,C83046,924,11/09/2017,f
733,,L82004,923,11/09/2017,f
732,,M89017,919,10/09/2017,t
731,,M89021,919,10/09/2017,t
730,,M88628,917,10/09/2017,f
729,,M89021,913,10/09/2017,f
728,,M89024,913,10/09/2017,f
727,,M89017,913,10/09/2017,f
726,05P,,913,10/09/2017,f
725,,N84611,910,08/09/2017,t
724,99C,,909,08/09/2017,t
722,05L,,907,08/09/2017,t
721,,P81119,595,07/09/2017,t
720,,B82012,905,07/09/2017,t
719,,L81061,902,07/09/2017,t
718,,L81089,902,07/09/2017,t
717,,A87027,616,07/09/2017,t
716,15C,,900,06/09/2017,t
715,,E81013,897,05/09/2017,t
714,03T,,898,05/09/2017,f
713,,E81075,897,04/09/2017,t
712,,A88002,896,04/09/2017,t
710,,L81071,894,04/09/2017,t
709,,C88026,893,03/09/2017,t
708,,A82004,892,01/09/2017,f
707,,B83050,890,31/08/2017,t
706,,B83045,890,31/08/2017,t
705,,B83063,889,30/08/2017,f
704,09D,,888,29/08/2017,t
703,,A84009,887,28/08/2017,f
702,10V,,886,27/08/2017,t
701,,B83013,885,26/08/2017,f
700,,A88002,884,25/08/2017,f
699,,J81026,883,24/08/2017,t
698,99Q,,881,24/08/2017,t
697,04D,,877,23/08/2017,t
696,99D,,877,23/08/2017,t
695,04Q,,877,23/08/2017,t
694,03T,,877,23/08/2017,t
693,,C88647,874,22/08/2017,f
692,07G,,872,22/08/2017,t
691,99E,,872,22/08/2017,t
690,,P89015,870,21/08/2017,f
689,,K84048,867,18/08/2017,f
688,,L83646,866,18/08/2017,t
687,,E81031,865,18/08/2017,f
686,02G,,864,17/08/2017,t
685,,E81031,863,17/08/2017,f
684,,E81031,862,17/08/2017,f
683,,F81736,861,16/08/2017,f
682,,L81112,859,16/08/2017,t
681,12D,,858,16/08/2017,t
680,,B81620,857,16/08/2017,t
678,12D,,854,15/08/2017,t
677,99Q,,853,15/08/2017,f
676,15F,,852,15/08/2017,t
675,,C86022,851,14/08/2017,t
674,,E85713,850,14/08/2017,f
673,,K84044,849,14/08/2017,f
672,,C88037,848,14/08/2017,f
671,,M83042,847,14/08/2017,f
670,,M83042,846,14/08/2017,f
669,,E85713,845,14/08/2017,f
668,,E85713,843,14/08/2017,f
667,,L83608,842,14/08/2017,f
666,,L83608,840,14/08/2017,f
665,,C81069,838,14/08/2017,t
664,,M81035,837,14/08/2017,t
663,,J81625,836,13/08/2017,t
662,,A86017,835,12/08/2017,f
661,,C88072,834,12/08/2017,f
660,,G82634,829,11/08/2017,f
659,,E87737,828,11/08/2017,t
658,,L84067,827,11/08/2017,t
657,,K82019,825,11/08/2017,f
655,,B86673,820,10/08/2017,t
654,,B86625,820,10/08/2017,t
653,,B86033,820,10/08/2017,t
652,,B86010,820,10/08/2017,t
651,00Y,,819,10/08/2017,t
650,,H85047,818,10/08/2017,t
649,,B83063,817,10/08/2017,t
648,,H81071,816,10/08/2017,t
647,,N84618,815,10/08/2017,f
646,,F81123,814,10/08/2017,t
645,06Q,,812,10/08/2017,f
644,,L83129,811,10/08/2017,f
643,,C81069,810,10/08/2017,f
642,,D81010,809,10/08/2017,t
641,,F86032,808,10/08/2017,f
640,09D,,807,08/08/2017,t
639,07Q,,806,08/08/2017,f
638,07Q,,805,08/08/2017,f
637,07Q,,804,08/08/2017,f
636,07Q,,803,08/08/2017,f
635,,C84051,802,08/08/2017,t
634,,P87661,796,05/08/2017,f
633,,C82009,794,04/08/2017,f
632,,N82106,790,03/08/2017,t
631,05C,,789,03/08/2017,f
630,09N,,788,03/08/2017,t
629,,C81114,787,02/08/2017,t
628,,L85009,491,02/08/2017,t
627,,G82719,785,02/08/2017,t
626,,P81004,784,02/08/2017,f
625,,P85002,783,01/08/2017,t
624,02T,,782,01/08/2017,t
622,11M,,778,31/07/2017,t
621,11E,,778,31/07/2017,t
620,15C,,778,31/07/2017,t
619,,M92650,777,31/07/2017,t
618,,B83013,776,31/07/2017,f
617,05A,,775,31/07/2017,f
616,,Y02616,774,31/07/2017,t
615,,B82042,771,31/07/2017,t
614,12D,,199,29/07/2017,f
613,99N,,199,29/07/2017,f
612,,L84004,767,29/07/2017,f
611,,N84001,765,28/07/2017,t
610,,C84135,764,28/07/2017,f
609,,Y03664,763,27/07/2017,t
608,,H84059,762,27/07/2017,f
607,,M85116,761,27/07/2017,t
606,,M86041,759,26/07/2017,t
605,,M86037,759,26/07/2017,t
604,,F81126,758,25/07/2017,t
603,07H,,757,25/07/2017,f
602,03X,,756,25/07/2017,t
601,,Y02177,753,25/07/2017,t
600,,F81613,753,25/07/2017,t
599,,F81649,753,25/07/2017,t
598,,K83028,741,24/07/2017,t
597,,K83024,741,24/07/2017,t
596,,K83044,741,24/07/2017,t
595,,K83065,741,24/07/2017,t
594,,K83069,741,24/07/2017,t
593,,K83080,741,24/07/2017,t
592,,K83007,741,24/07/2017,t
591,,K83030,741,24/07/2017,t
590,,H81070,742,23/07/2017,t
589,99H,,742,23/07/2017,t
588,,K83616,741,21/07/2017,t
587,03N,,740,19/07/2017,t
586,,M83723,739,19/07/2017,t
585,03F,,738,19/07/2017,t
584,02R,,736,19/07/2017,f
583,02W,,736,19/07/2017,f
582,,B83018,735,19/07/2017,f
581,,C88072,734,19/07/2017,f
580,09Y,,733,18/07/2017,t
579,99P,,732,18/07/2017,f
578,,A82032,731,18/07/2017,t
577,,L83074,730,17/07/2017,t
576,04H,,729,14/07/2017,t
575,,H85005,728,14/07/2017,t
574,05X,,727,14/07/2017,f
573,,J82213,726,13/07/2017,f
572,99K,,725,13/07/2017,t
571,99K,,724,13/07/2017,f
570,06T,,723,12/07/2017,t
569,99G,,722,12/07/2017,f
568,04F,,721,12/07/2017,f
567,02T,,720,12/07/2017,t
566,01M,,719,12/07/2017,f
565,09D,,718,11/07/2017,t
564,,C88051,630,11/07/2017,t
563,09G,,716,11/07/2017,f
562,05A,,715,10/07/2017,f
561,,M91628,714,10/07/2017,t
560,11A,,713,10/07/2017,t
559,06A,,710,10/07/2017,t
558,,F81741,709,10/07/2017,f
557,,J82089,708,10/07/2017,t
556,,L81106,707,07/07/2017,t
555,,G83680,706,07/07/2017,t
554,,H81068,705,07/07/2017,t
553,,C88051,630,06/07/2017,t
552,,C88036,630,06/07/2017,t
551,,C88073,630,06/07/2017,t
550,,C88020,630,06/07/2017,t
549,00L,,699,04/07/2017,t
548,99C,,697,04/07/2017,t
547,00L,,697,04/07/2017,t
546,,C88020,630,04/07/2017,t
545,,C88054,630,04/07/2017,t
544,,C88037,630,04/07/2017,t
543,,C88073,630,04/07/2017,t
542,,C88020,692,04/07/2017,f
541,,C88051,630,04/07/2017,t
540,,M84061,689,03/07/2017,t
539,06T,,688,03/07/2017,f
538,,B87002,687,03/07/2017,t
537,07H,,686,03/07/2017,f
536,07G,,684,03/07/2017,f
535,11M,,683,03/07/2017,t
534,,C83025,682,30/06/2017,f
533,,F84658,681,30/06/2017,f
532,,L81043,680,30/06/2017,t
531,,A83007,672,29/06/2017,t
530,,L84052,670,29/06/2017,t
529,,L84001,670,29/06/2017,t
528,99F,,532,29/06/2017,t
527,08P,,262,28/06/2017,f
526,07J,,665,28/06/2017,t
525,01Y,,664,27/06/2017,f
524,,L83082,663,27/06/2017,t
523,,L83065,662,27/06/2017,t
522,99N,,661,27/06/2017,t
521,,A81026,660,26/06/2017,t
520,,G82032,658,26/06/2017,t
519,,C84105,657,26/06/2017,f
518,,C81069,656,24/06/2017,f
517,04K,,655,24/06/2017,f
516,,Y02519,654,23/06/2017,f
515,,Y01008,652,23/06/2017,f
514,,L83079,651,23/06/2017,f
513,11M,,650,23/06/2017,t
512,,H84040,649,22/06/2017,t
511,,L83007,647,22/06/2017,t
510,,L81025,645,22/06/2017,f
509,,L81101,645,22/06/2017,f
508,,C84035,644,22/06/2017,t
507,,M91010,643,20/06/2017,t
506,,P89026,640,20/06/2017,f
505,,P81096,639,20/06/2017,f
504,,P84669,638,20/06/2017,f
503,,E85744,512,19/06/2017,t
502,05A,,636,19/06/2017,f
501,05L,,633,19/06/2017,t
500,15E,,633,19/06/2017,t
498,,G82090,631,16/06/2017,t
497,,C88036,630,16/06/2017,t
496,,F83665,629,16/06/2017,f
495,,P88031,628,16/06/2017,t
494,,C81084,627,16/06/2017,t
493,,C85005,625,15/06/2017,f
492,,C81649,620,15/06/2017,t
491,,C81058,620,15/06/2017,t
490,03Y,,620,15/06/2017,t
489,04J,,620,15/06/2017,t
488,,C81055,620,15/06/2017,t
487,,M85717,619,15/06/2017,t
486,15C,,618,15/06/2017,t
485,11H,,617,15/06/2017,f
484,99C,,616,15/06/2017,t
483,,G82099,615,13/06/2017,t
482,,H81032,612,12/06/2017,f
481,10K,,611,12/06/2017,t
480,03N,,610,12/06/2017,t
479,,C88011,603,12/06/2017,t
478,,C88622,603,12/06/2017,t
477,,C88009,603,12/06/2017,t
476,,C88039,603,12/06/2017,t
475,,C88085,603,12/06/2017,t
474,,C88643,603,12/06/2017,t
473,,C88627,603,12/06/2017,t
472,,L84065,600,11/06/2017,f
471,,L81065,598,11/06/2017,t
470,,L81637,598,11/06/2017,t
469,15E,,551,09/06/2017,t
468,,D81056,596,08/06/2017,f
467,,P81196,595,08/06/2017,t
466,09A,,594,07/06/2017,f
465,,L83034,592,07/06/2017,t
464,,P84017,589,06/06/2017,t
463,,M82028,588,05/06/2017,t
462,,L83111,587,05/06/2017,t
461,07T,,586,05/06/2017,t
460,,M83054,585,05/06/2017,f
459,,B86044,584,04/06/2017,t
458,02R,,583,04/06/2017,f
456,,L85009,491,04/06/2017,t
455,,H84017,292,01/06/2017,t
454,09L,,579,01/06/2017,t
453,02A,,578,01/06/2017,t
452,14L,,576,31/05/2017,t
451,07X,,576,30/05/2017,t
450,11J,,575,30/05/2017,t
449,,P92003,573,29/05/2017,f
447,99P,,571,25/05/2017,f
446,,L83112,570,24/05/2017,f
445,99Q,,569,24/05/2017,t
444,09X,,568,24/05/2017,f
443,11M,,156,22/05/2017,f
442,08C,,566,19/05/2017,t
441,,E86029,565,19/05/2017,t
440,06V,,564,19/05/2017,t
439,,H81068,562,18/05/2017,t
438,,L81047,561,18/05/2017,f
437,03N,,560,18/05/2017,f
436,11J,,559,17/05/2017,t
435,,D83047,558,16/05/2017,f
434,,Y02354,557,15/05/2017,t
433,,B84001,556,15/05/2017,f
432,03N,,554,12/05/2017,t
431,07J,,553,12/05/2017,f
430,,L82061,552,12/05/2017,t
428,,N82094,550,11/05/2017,f
427,,D82099,549,11/05/2017,t
426,01H,,545,11/05/2017,t
425,01K,,545,11/05/2017,t
424,01A,,545,11/05/2017,t
423,00Q,,545,11/05/2017,t
422,,D82105,544,11/05/2017,t
421,07J,,542,11/05/2017,t
420,,D82035,542,11/05/2017,t
419,,C85004,541,10/05/2017,f
418,04D,,540,09/05/2017,t
417,07R,,539,08/05/2017,t
416,07R,,538,08/05/2017,t
415,99F,,537,08/05/2017,f
414,00D,,534,07/05/2017,t
413,,F81037,533,06/05/2017,t
412,99G,,532,05/05/2017,t
411,,H82056,531,05/05/2017,f
410,,C81065,530,05/05/2017,t
409,00W,,529,05/05/2017,f
408,00W,,528,05/05/2017,f
407,,E81029,527,04/05/2017,f
406,,C84621,526,04/05/2017,f
405,01A,,524,04/05/2017,f
404,,E85026,512,04/05/2017,t
403,,Y00151,521,04/05/2017,t
402,,M81046,520,04/05/2017,t
401,,Y03035,519,03/05/2017,t
399,,E85120,512,03/05/2017,t
398,,E85680,512,03/05/2017,t
397,,E85107,512,03/05/2017,t
396,,E85657,512,03/05/2017,t
394,,E85122,512,03/05/2017,t
393,,L81023,511,03/05/2017,t
392,,C82053,510,03/05/2017,t
391,14L,,509,03/05/2017,t
390,,L81026,508,02/05/2017,t
389,99N,,168,02/05/2017,t
388,,Y02711,505,02/05/2017,t
387,,L81026,504,02/05/2017,t
386,,L81026,503,02/05/2017,f
385,,C84046,499,28/04/2017,t
384,,P81074,497,27/04/2017,t
383,,P81074,496,27/04/2017,t
382,,A82014,495,27/04/2017,f
381,,A87017,493,27/04/2017,f
380,,A87012,493,27/04/2017,f
379,06F,,456,27/04/2017,t
378,,L85009,491,27/04/2017,t
377,15E,,180,27/04/2017,t
376,,J83041,489,27/04/2017,t
375,05A,,382,27/04/2017,t
374,11H,,486,27/04/2017,t
373,01K,,485,27/04/2017,t
372,,P88026,483,27/04/2017,t
371,,P88004,483,27/04/2017,t
370,,B82023,133,27/04/2017,t
369,,B82042,133,27/04/2017,t
368,,B83054,480,27/04/2017,t
367,,D82056,479,26/04/2017,t
366,,L85010,478,25/04/2017,t
365,,G84006,476,25/04/2017,t
364,,A82019,475,24/04/2017,t
363,,L85011,473,24/04/2017,t
362,,L81019,472,24/04/2017,f
361,,D81028,471,23/04/2017,t
360,,F82668,470,21/04/2017,t
359,,N81052,469,21/04/2017,f
358,,H83030,468,21/04/2017,f
357,,D82043,467,21/04/2017,t
356,,H81061,463,20/04/2017,t
355,,Y01132,462,20/04/2017,f
354,10D,,460,20/04/2017,t
353,,M81022,459,19/04/2017,t
352,15C,,101,18/04/2017,t
351,,E81013,456,18/04/2017,t
350,06P,,456,18/04/2017,t
349,,E84006,455,17/04/2017,t
348,,F82668,454,17/04/2017,f
347,,E81028,453,16/04/2017,f
346,,J82007,452,15/04/2017,f
345,11X,,451,14/04/2017,t
344,,L84068,450,14/04/2017,t
343,12F,,448,14/04/2017,t
342,,B86051,447,13/04/2017,t
341,06K,,446,12/04/2017,f
340,,B86044,445,12/04/2017,t
339,11J,,443,12/04/2017,t
338,09D,,442,12/04/2017,t
337,,M85019,70,12/04/2017,t
336,09P,,437,11/04/2017,t
335,11J,,439,11/04/2017,t
334,99K,,437,11/04/2017,t
333,09F,,437,11/04/2017,t
332,08V,,436,11/04/2017,f
331,,A87017,434,10/04/2017,t
330,,A87012,434,10/04/2017,t
329,11X,,433,10/04/2017,t
328,,F86040,431,08/04/2017,t
326,,F81017,429,08/04/2017,t
325,09W,,428,07/04/2017,t
324,11X,,427,07/04/2017,t
323,,Y05167,76,06/04/2017,t
322,07R,,423,06/04/2017,t
321,,L83112,422,06/04/2017,t
320,10L,,420,05/04/2017,t
319,,F84739,416,04/04/2017,f
318,,L83100,415,04/04/2017,t
317,,Y00280,414,03/04/2017,f
316,14L,,413,03/04/2017,t
315,04D,,412,03/04/2017,t
314,,M88643,410,03/04/2017,f
313,,Y02701,410,03/04/2017,f
312,11J,,409,03/04/2017,t
311,,F84679,407,01/04/2017,f
310,,F84679,406,01/04/2017,f
309,,K82046,405,31/03/2017,f
308,,L85010,404,30/03/2017,f
307,,A83041,403,30/03/2017,t
306,,K82033,402,30/03/2017,f
305,11X,,401,30/03/2017,t
304,15F,,400,29/03/2017,t
303,,B83028,399,29/03/2017,t
302,,L83123,397,29/03/2017,t
301,,L83018,397,29/03/2017,t
300,,N83032,395,29/03/2017,t
299,06H,,394,28/03/2017,f
298,,G81082,393,28/03/2017,t
297,,C82001,392,27/03/2017,f
296,,H83024,391,27/03/2017,t
295,,F83027,96,27/03/2017,t
294,02V,,389,27/03/2017,f
293,,C88047,388,26/03/2017,t
292,,C88047,387,26/03/2017,f
291,,H82057,386,25/03/2017,t
290,,L83050,385,25/03/2017,t
289,,N84027,384,24/03/2017,t
288,,J84005,383,24/03/2017,t
287,05A,,382,24/03/2017,t
286,01Y,,381,24/03/2017,f
285,01Y,,380,23/03/2017,f
284,,L84058,379,23/03/2017,t
283,05A,,378,23/03/2017,f
282,,K82045,377,23/03/2017,f
281,,N82108,375,23/03/2017,t
280,,M88021,374,23/03/2017,f
279,,Y05248,372,23/03/2017,t
278,,C85005,372,23/03/2017,t
277,,H82003,370,23/03/2017,t
276,,L83049,368,23/03/2017,t
275,,M92029,367,21/03/2017,t
274,11A,,366,21/03/2017,t
273,11A,,365,21/03/2017,f
272,,G85021,364,21/03/2017,t
271,,M83068,360,20/03/2017,f
270,,Y00412,359,20/03/2017,t
269,,P92623,358,19/03/2017,f
268,,G82775,357,18/03/2017,f
267,,L84027,352,16/03/2017,t
266,07T,,351,16/03/2017,f
265,,L85062,348,15/03/2017,t
264,,C84150,347,15/03/2017,t
263,,B81006,346,15/03/2017,t
262,03W,,345,15/03/2017,t
261,03W,,344,15/03/2017,f
260,03W,,343,15/03/2017,f
259,,L81069,340,15/03/2017,t
258,,L81123,340,15/03/2017,t
257,,J83046,340,15/03/2017,t
256,,M89010,339,14/03/2017,f
255,,L83069,338,14/03/2017,t
254,14L,,336,14/03/2017,t
253,,H81656,335,13/03/2017,f
252,07L,,334,13/03/2017,f
251,,G82099,333,13/03/2017,t
250,01Y,,331,13/03/2017,t
249,,F82053,330,12/03/2017,f
248,,F82053,329,12/03/2017,f
247,,F82053,328,12/03/2017,f
246,,Y02322,327,12/03/2017,f
245,,F82679,326,11/03/2017,t
244,,Y02671,325,10/03/2017,t
243,,M89606,324,10/03/2017,f
242,,P91604,323,10/03/2017,f
241,,J83630,322,09/03/2017,t
240,00P,,321,08/03/2017,t
239,,L84057,320,07/03/2017,f
238,,H82017,319,07/03/2017,t
237,08H,,47,06/03/2017,t
236,99P,,315,06/03/2017,t
235,,E81030,314,06/03/2017,t
234,,C85016,313,06/03/2017,f
233,,L84037,312,06/03/2017,t
232,,F81741,311,06/03/2017,t
230,,M81011,309,05/03/2017,t
229,,M85075,308,03/03/2017,t
227,99G,,300,03/03/2017,f
226,99F,,300,03/03/2017,f
225,07G,,300,03/03/2017,f
224,99E,,300,03/03/2017,f
223,06T,,300,03/03/2017,f
222,07H,,300,03/03/2017,f
221,06Q,,300,03/03/2017,f
220,,L84028,299,03/03/2017,t
219,,G82186,298,02/03/2017,t
218,,L84027,297,02/03/2017,f
217,,K84030,295,02/03/2017,f
216,,B85048,294,01/03/2017,f
215,11E,,293,01/03/2017,f
214,,H84014,292,01/03/2017,t
213,,M91019,291,28/02/2017,f
210,99P,,285,28/02/2017,f
209,,Y04957,284,28/02/2017,f
208,09L,,283,27/02/2017,t
207,,P89010,279,26/02/2017,f
206,01G,,278,25/02/2017,f
205,09L,,277,24/02/2017,t
204,99P,,276,24/02/2017,f
203,,C88023,275,24/02/2017,t
202,99P,,274,24/02/2017,f
201,99P,,273,24/02/2017,t
200,,L83083,257,24/02/2017,f
199,,F81741,270,23/02/2017,f
198,,F81096,269,22/02/2017,t
197,,E82640,268,22/02/2017,f
196,,B82054,266,22/02/2017,f
194,,H84625,262,21/02/2017,f
193,99P,,261,21/02/2017,t
192,,Y03595,259,21/02/2017,f
191,,D82632,259,21/02/2017,f
190,99P,,258,21/02/2017,t
189,99P,,257,21/02/2017,f
188,,P81190,255,21/02/2017,f
187,,P81006,255,21/02/2017,f
186,08X,,254,21/02/2017,t
185,08R,,253,21/02/2017,f
184,06K,,108,20/02/2017,f
183,12D,,251,20/02/2017,t
182,,L83026,250,20/02/2017,f
181,,N84027,249,20/02/2017,f
180,10R,,247,20/02/2017,f
179,09D,,246,19/02/2017,t
178,,M85108,180,18/02/2017,t
177,11X,,244,17/02/2017,t
176,,L84078,210,17/02/2017,t
175,,E85107,242,17/02/2017,f
174,,L83026,240,17/02/2017,t
173,99Q,,239,16/02/2017,t
172,,P81063,238,16/02/2017,f
171,,P81087,237,16/02/2017,t
170,,G85001,236,15/02/2017,f
169,06V,,235,15/02/2017,t
168,,M82014,234,15/02/2017,f
167,03N,,233,15/02/2017,f
166,,P92616,232,15/02/2017,t
165,,M87024,231,15/02/2017,f
164,,J83632,230,15/02/2017,f
163,05N,,229,14/02/2017,t
162,15C,,228,14/02/2017,t
161,10X,,227,14/02/2017,f
160,09D,,225,14/02/2017,t
159,,D83073,223,13/02/2017,t
158,,G82780,222,13/02/2017,f
157,,A81047,221,13/02/2017,f
156,09D,,220,13/02/2017,t
155,06T,,218,13/02/2017,f
154,,A82070,217,13/02/2017,t
153,,M86032,216,13/02/2017,f
152,10H,,215,13/02/2017,f
151,,B81058,214,12/02/2017,f
150,,J82087,213,12/02/2017,t
149,,C85016,212,11/02/2017,f
148,,C82007,211,10/02/2017,t
147,11M,,210,09/02/2017,t
146,,J82103,207,08/02/2017,t
145,99P,,206,07/02/2017,t
144,,F84636,203,07/02/2017,f
143,,F84008,203,07/02/2017,f
142,07T,,203,07/02/2017,f
141,,Y02578,201,06/02/2017,f
140,10Q,,199,05/02/2017,t
139,09Y,,199,05/02/2017,t
138,,A89040,198,05/02/2017,f
137,,M85020,197,05/02/2017,f
136,,M85600,196,04/02/2017,f
135,,J82103,195,03/02/2017,f
134,08X,,194,02/02/2017,f
133,05N,,190,01/02/2017,f
132,05X,,187,01/02/2017,f
131,13P,,186,01/02/2017,f
130,03N,,184,31/01/2017,t
129,15E,,180,31/01/2017,t
128,,M85108,180,31/01/2017,t
127,,J82050,179,30/01/2017,t
125,,J81025,176,29/01/2017,t
124,,N81023,175,27/01/2017,f
123,,H81656,174,26/01/2017,f
122,,J83030,173,25/01/2017,f
121,03D,,172,25/01/2017,f
120,99E,,171,24/01/2017,t
119,,J83011,170,23/01/2017,t
118,,E87768,169,23/01/2017,t
117,,J83007,168,23/01/2017,t
116,,D83051,167,22/01/2017,f
115,04X,,166,21/01/2017,f
114,,L84057,165,20/01/2017,f
113,,L83105,164,19/01/2017,t
112,04G,,162,19/01/2017,f
111,,L81047,161,18/01/2017,f
110,,N82091,160,18/01/2017,f
109,,B82054,159,16/01/2017,t
108,,L83038,158,16/01/2017,t
107,,L84050,156,16/01/2017,f
106,,L84606,155,15/01/2017,f
105,,B83016,154,14/01/2017,t
104,,G82711,152,14/01/2017,t
103,,G82203,152,14/01/2017,t
102,,P86022,151,14/01/2017,f
100,04M,,149,13/01/2017,t
99,09D,,148,12/01/2017,t
98,,G85046,146,11/01/2017,f
96,,L83147,144,10/01/2017,t
95,,P81684,142,10/01/2017,f
94,11M,,141,09/01/2017,t
93,,Y04972,140,09/01/2017,f
92,,D81059,139,09/01/2017,f
91,08L,,138,08/01/2017,f
90,,J81081,137,07/01/2017,t
89,,N81036,136,06/01/2017,t
88,,B82083,135,06/01/2017,f
87,,B82023,133,06/01/2017,t
86,,B82045,133,06/01/2017,t
85,99N,,131,04/01/2017,t
84,,Y02710,129,02/01/2017,f
83,,P88607,128,02/01/2017,f
82,,P89014,127,30/12/2016,f
81,,M81092,126,30/12/2016,t
80,11X,,121,29/12/2016,t
79,,J82187,119,29/12/2016,t
78,,J82192,119,29/12/2016,t
77,,C84055,118,28/12/2016,f
76,,L84009,117,26/12/2016,t
75,,C84055,116,25/12/2016,t
74,,C84055,115,25/12/2016,f
73,01H,,114,22/12/2016,t
72,,K81050,113,21/12/2016,f
70,01K,,111,20/12/2016,t
69,99N,,109,19/12/2016,f
68,06K,,108,19/12/2016,t
67,,F83652,107,19/12/2016,t
66,,P81028,106,18/12/2016,t
65,,G82684,105,16/12/2016,f
64,02R,,103,16/12/2016,t
63,02W,,103,16/12/2016,t
62,02R,,102,16/12/2016,t
61,15C,,101,16/12/2016,t
60,,J84004,100,15/12/2016,f
59,,L82036,99,15/12/2016,t
58,,Y02622,98,13/12/2016,t
55,10Q,,95,12/12/2016,t
54,,N85619,94,12/12/2016,t
53,,D83029,93,11/12/2016,f
52,,M85600,92,10/12/2016,f
51,,C81046,91,09/12/2016,t
50,,G82143,90,09/12/2016,f
49,,C84046,88,09/12/2016,t
48,,C84060,88,09/12/2016,t
47,,H82008,87,08/12/2016,f
46,,A81609,83,08/12/2016,t
45,,A81006,83,08/12/2016,t
44,,A81002,83,08/12/2016,t
43,00K,,83,08/12/2016,t
42,02W,,82,08/12/2016,f
41,,L83042,81,07/12/2016,f
40,,G82631,80,07/12/2016,t
39,02Q,,79,06/12/2016,t
38,,A83054,77,05/12/2016,f
37,,A83074,77,05/12/2016,f
36,,Y05167,76,05/12/2016,t
35,,L81089,75,05/12/2016,f
34,11M,,74,05/12/2016,t
33,,P86023,73,03/12/2016,t
32,00M,,72,02/12/2016,t
31,00K,,71,02/12/2016,t
30,,M85019,70,02/12/2016,t
29,,M85019,69,02/12/2016,f
28,10Q,,68,01/12/2016,t
25,,L84077,23,01/12/2016,t
24,15C,,23,01/12/2016,t
