id,user,pct,practice,created_at,approved
2333,2815,00C,,2018-11-02 09:23:07,1
2331,2813,,P81770,2018-11-01 13:00:49,1
2330,2569,,J82102,2018-11-01 11:23:36,1
2329,2783,,N81087,2018-10-31 16:17:25,1
2327,2809,,J83029,2018-10-31 09:39:51,1
2326,2809,,J83055,2018-10-31 09:39:31,1
2325,2809,,J83041,2018-10-31 09:37:53,1
2324,2809,,J83006,2018-10-31 09:37:13,1
2322,2807,,P84019,2018-10-31 00:00:22,1
2321,2806,,N81123,2018-10-30 21:16:28,1
2319,2803,,L81016,2018-10-29 20:20:10,1
2316,2800,06T,,2018-10-29 08:32:36,1
2313,2798,,C81059,2018-10-27 19:08:45,1
2312,2797,,A87022,2018-10-26 18:13:43,1
2311,379,,L84056,2018-10-26 17:23:46,1
2306,2791,,P81687,2018-10-25 13:07:00,1
2303,2788,,M81005,2018-10-25 10:42:11,1
2302,2788,06D,,2018-10-25 10:40:49,1
2301,2787,,P81169,2018-10-25 09:24:01,1
2300,2785,,P81701,2018-10-25 07:20:56,1
2299,2784,,J83049,2018-10-24 14:43:24,1
2298,2783,,N81087,2018-10-24 12:04:03,1
2297,2782,,C84047,2018-10-24 11:35:10,1
2295,2781,,P81044,2018-10-24 10:01:37,1
2293,2779,,D82003,2018-10-24 07:44:47,1
2292,2778,,P81055,2018-10-24 07:23:11,1
2291,2777,,P81119,2018-10-23 15:42:09,1
2289,2092,,L85021,2018-10-23 11:37:59,1
2286,2773,,P81015,2018-10-22 11:22:28,1
2284,584,,B86044,2018-10-21 13:31:35,1
2282,572,,G82055,2018-10-19 15:56:18,1
2281,572,,G82777,2018-10-19 15:52:37,1
2280,2770,,A81026,2018-10-19 14:14:05,1
2279,2769,,B81653,2018-10-19 14:02:22,1
2278,1413,,E85124,2018-10-19 11:25:54,1
2277,1697,,C88030,2018-10-19 11:00:23,1
2276,2768,,L84044,2018-10-19 10:40:01,1
2275,2767,15E,,2018-10-19 10:07:01,1
2274,2766,11E,,2018-10-19 08:46:55,1
2273,2765,07J,,2018-10-19 08:46:06,1
2272,2766,99Q,,2018-10-19 08:43:48,1
2271,2766,99P,,2018-10-19 08:41:51,1
2270,2765,,M85139,2018-10-19 08:39:57,1
2269,2764,,A81052,2018-10-19 08:36:41,1
2268,2764,,A81045,2018-10-19 08:35:45,1
2267,2764,,A81054,2018-10-19 08:32:46,1
2263,2004,,L83074,2018-10-18 15:58:44,1
2262,2004,,L83006,2018-10-18 15:57:35,1
2261,2760,,P81210,2018-10-18 14:31:32,1
2260,2633,,G85724,2018-10-18 14:14:57,1
2259,2633,99P,,2018-10-18 14:14:20,1
2258,630,,C88655,2018-10-18 13:26:09,1
2255,2755,,C88079,2018-10-17 19:59:33,1
2254,2754,,L81037,2018-10-17 18:30:24,1
2253,2753,,C88079,2018-10-17 16:00:21,1
2251,2751,,E85124,2018-10-17 12:46:57,1
2249,2749,99M,,2018-10-16 13:54:08,1
2247,2746,,M82012,2018-10-16 05:49:01,1
2246,2745,,D81057,2018-10-15 21:58:29,1
2238,2741,,M82604,2018-10-14 12:17:52,1
2234,2738,,C81075,2018-10-12 13:14:17,1
2232,2736,,N81019,2018-10-12 08:37:57,1
2231,2735,,L83086,2018-10-12 08:00:57,1
2229,2701,,J82210,2018-10-11 13:57:46,1
2227,1459,04M,,2018-10-11 10:27:22,1
2226,2734,,M83056,2018-10-11 07:13:54,1
2225,1194,,K82008,2018-10-10 16:19:14,1
2223,2730,,L82030,2018-10-10 10:28:35,1
2221,2728,12F,,2018-10-10 05:47:24,1
2220,2727,,J82066,2018-10-09 20:31:45,1
2217,2723,,C88033,2018-10-09 13:49:23,1
2215,2721,,F84093,2018-10-09 07:51:22,1
2212,2718,,K84050,2018-10-08 20:06:03,1
2210,2716,,C81052,2018-10-08 12:10:38,1
2209,2715,09L,,2018-10-08 10:24:46,1
2208,2714,05H,,2018-10-08 10:06:58,1
2207,2714,05R,,2018-10-08 10:05:18,1
2206,2712,11M,,2018-10-07 20:49:44,1
2201,2707,,A83046,2018-10-05 14:49:33,1
2200,2706,,G81680,2018-10-05 14:33:22,1
2198,2704,,B82026,2018-10-05 11:38:28,1
2195,2701,10V,,2018-10-05 08:22:57,1
2191,2696,,L84059,2018-10-04 16:53:01,1
2189,2693,,K82049,2018-10-04 13:50:49,1
2185,2689,,C84063,2018-10-04 13:26:14,1
2184,2688,,L84017,2018-10-04 13:25:54,1
2179,2684,,J83013,2018-10-04 13:08:39,1
2178,2683,,M86010,2018-10-04 12:42:13,1
2176,2681,,C84047,2018-10-04 10:16:20,1
2173,2678,,J81064,2018-10-04 09:46:54,1
2172,2677,,J82012,2018-10-04 09:46:40,1
2171,2676,,J82622,2018-10-04 09:46:14,1
2170,2675,06V,,2018-10-04 08:44:24,1
2168,2673,,M81082,2018-10-03 10:40:36,1
2166,2671,,P88009,2018-10-03 08:33:14,1
2165,2671,,P88607,2018-10-03 08:32:26,1
2164,2671,,P88017,2018-10-03 08:32:09,1
2163,2671,,P88044,2018-10-03 08:31:44,1
2162,2671,,P88019,2018-10-03 08:30:42,1
2161,2671,,P88625,2018-10-03 08:30:05,1
2158,2667,05R,,2018-10-02 18:00:05,1
2157,2652,,A81622,2018-10-02 13:57:32,1
2156,2666,,M84017,2018-10-02 09:49:37,1
2152,2652,,A81066,2018-10-02 07:51:02,1
2151,2652,,A81060,2018-10-01 14:06:03,1
2150,2664,,M87041,2018-10-01 07:17:22,1
2149,2663,,C88048,2018-09-30 17:37:08,1
2147,2661,,E82038,2018-09-28 05:52:35,1
2146,2660,,L83055,2018-09-27 21:15:42,1
2144,2658,02G,,2018-09-27 17:58:16,1
2142,2652,,A81631,2018-09-27 14:05:49,1
2141,2656,,P87024,2018-09-27 11:40:25,1
2139,2652,,A81046,2018-09-27 08:16:56,1
2137,2652,,A81612,2018-09-25 13:45:55,1
2135,2652,,A81066,2018-09-25 11:16:39,1
2134,2651,04K,,2018-09-25 11:00:04,1
2133,2650,,M83056,2018-09-24 20:23:07,1
2129,2646,,E85124,2018-09-21 13:32:07,1
2128,2645,,C88036,2018-09-21 10:12:45,1
2127,2645,,C88069,2018-09-21 10:11:16,1
2125,2643,,M85711,2018-09-20 15:05:41,1
2123,2640,,A85019,2018-09-20 09:36:22,1
2121,96,,F83007,2018-09-18 19:01:28,1
2119,2638,15C,,2018-09-18 10:52:26,1
2118,2632,,P81016,2018-09-18 09:17:51,1
2117,2632,,P81713,2018-09-18 09:17:33,1
2116,2632,,P81092,2018-09-18 09:17:16,1
2115,2632,,P81063,2018-09-18 09:16:56,1
2114,2632,,P81159,2018-09-18 09:16:39,1
2112,2632,,P81681,2018-09-18 09:15:56,1
2111,2632,,P81172,2018-09-18 09:15:41,1
2110,2632,,P81054,2018-09-18 09:15:20,1
2109,2632,,P81066,2018-09-18 09:14:52,1
2108,2632,,P81074,2018-09-18 09:14:21,1
2107,2632,,P81760,2018-09-18 09:14:02,1
2106,2632,,P81072,2018-09-18 09:12:45,1
2105,2632,,P81004,2018-09-18 09:12:27,1
2104,2632,,P81073,2018-09-18 09:12:02,1
2103,2632,,P81115,2018-09-18 09:11:12,1
2102,2632,,P81081,2018-09-18 09:10:30,1
2101,2632,,P81042,2018-09-18 09:08:58,1
2100,2632,,P81714,2018-09-17 21:24:56,1
2098,2636,,M85064,2018-09-17 14:47:14,1
2097,2635,,C88648,2018-09-17 14:44:44,1
2096,2634,10Q,,2018-09-17 14:18:40,1
2095,2633,08K,,2018-09-17 14:17:28,1
2094,2633,10Q,,2018-09-17 14:16:28,1
2093,2632,00R,,2018-09-17 09:17:12,1
2088,2627,,M85064,2018-09-14 09:54:30,1
2087,2626,08X,,2018-09-14 08:40:13,1
2086,2625,,J82628,2018-09-13 14:54:52,1
2084,2623,09N,,2018-09-13 07:03:53,1
2083,2622,,C86025,2018-09-12 14:15:11,1
2082,2621,,A83013,2018-09-12 13:29:57,1
2080,2620,08X,,2018-09-11 16:06:30,1
2079,2619,,C82042,2018-09-11 09:00:55,1
2077,2617,,L82024,2018-09-10 11:32:35,1
2075,2615,04E,,2018-09-10 07:44:57,1
2074,2614,,F83032,2018-09-08 20:47:00,1
2070,2611,,G85013,2018-09-07 03:59:46,1
2065,2605,,F84013,2018-09-05 11:48:03,1
2064,2605,,F84018,2018-09-05 11:46:48,1
2062,2603,,L81008,2018-09-04 17:11:25,1
2060,2601,09D,,2018-09-04 14:39:41,1
2057,2597,,P88007,2018-09-03 07:03:38,1
2054,2594,04E,,2018-08-31 14:22:15,1
2053,2594,,C84710,2018-08-31 14:16:51,1
2052,1892,,P84020,2018-08-31 12:49:06,1
2051,2593,,L81015,2018-08-31 11:43:41,1
2050,2591,,A81012,2018-08-31 09:31:51,1
2049,2591,,A81005,2018-08-31 09:31:43,1
2048,2591,,A81022,2018-08-31 09:31:31,1
2047,2591,,A81004,2018-08-31 09:31:18,1
2046,2591,,A81038,2018-08-31 09:31:05,1
2045,2591,,A81030,2018-08-31 09:29:57,1
2044,2591,,A81049,2018-08-31 09:29:24,1
2043,2500,,L83105,2018-08-31 07:09:55,1
2042,2500,,L83050,2018-08-31 07:09:25,1
2041,2500,,L83106,2018-08-31 07:06:25,1
2040,2590,,D81043,2018-08-31 06:17:26,1
2039,1506,,L81073,2018-08-30 19:17:45,1
2038,1506,,L81064,2018-08-30 19:16:30,1
2037,1506,,L81045,2018-08-30 19:15:17,1
2035,2589,04G,,2018-08-30 12:41:30,1
2031,2584,01D,,2018-08-24 13:42:25,1
2029,2582,,B86658,2018-08-23 14:36:29,1
2026,2579,04M,,2018-08-21 12:21:02,1
2025,2576,,N84627,2018-08-20 12:11:57,1
2024,2575,,M83056,2018-08-20 10:20:21,1
2023,2574,,F81067,2018-08-19 19:50:38,1
2022,2573,08V,,2018-08-19 08:46:58,1
2019,2569,10R,,2018-08-16 11:07:25,1
2018,2568,11N,,2018-08-15 15:54:41,1
2016,2566,,J82163,2018-08-15 12:08:27,1
2015,2565,,L81015,2018-08-15 09:32:36,1
2013,2563,,A83006,2018-08-14 16:45:11,1
2012,2562,,L81095,2018-08-14 12:05:27,1
2011,2561,,P87634,2018-08-14 07:19:33,1
2009,2559,,H84040,2018-08-13 13:53:36,1
2008,2558,15E,,2018-08-13 11:23:48,1
2004,2554,,D82007,2018-08-10 13:26:36,1
2002,2552,,L83607,2018-08-10 09:36:48,1
2001,2551,02T,,2018-08-10 07:38:32,1
1999,2549,,E83039,2018-08-09 17:28:38,1
1998,2548,,D83051,2018-08-09 17:07:04,1
1995,2544,,K83064,2018-08-08 12:29:02,1
1994,2544,,K83053,2018-08-08 12:27:24,1
1993,2544,,K83018,2018-08-08 12:23:05,1
1992,2544,,K83015,2018-08-08 12:19:24,1
1991,2543,00Q,,2018-08-08 08:27:13,1
1989,1194,,K82008,2018-08-06 19:41:32,1
1987,2537,02T,,2018-08-06 15:38:12,1
1986,1441,,A81038,2018-08-06 15:06:32,1
1985,1441,,A81020,2018-08-06 15:06:12,1
1984,1441,,A81023,2018-08-06 15:05:52,1
1983,1441,,A81030,2018-08-06 15:04:56,1
1981,2536,11N,,2018-08-06 13:28:16,1
1980,277,09X,,2018-08-06 12:53:10,1
1979,277,09H,,2018-08-06 12:52:36,1
1978,2535,,J82119,2018-08-06 11:43:17,1
1977,2535,,J82196,2018-08-06 11:42:59,1
1976,2535,,J82041,2018-08-06 11:42:35,1
1975,2535,,J82010,2018-08-06 11:41:58,1
1974,2535,,Y01281,2018-08-06 11:40:59,1
1973,2535,,J82134,2018-08-06 11:40:08,1
1972,2533,10L,,2018-08-06 09:53:23,1
1971,2531,,D82003,2018-08-02 15:26:45,1
1969,2530,01W,,2018-08-01 12:23:27,1
1968,2529,11J,,2018-08-01 10:33:29,1
1967,2528,,L83624,2018-08-01 09:49:51,1
1966,2527,,N81081,2018-08-01 08:18:51,1
1965,2526,,L81125,2018-08-01 08:17:37,1
1964,2526,,L81084,2018-08-01 08:16:36,1
1963,2524,,H82016,2018-07-31 12:28:21,1
1962,2524,09G,,2018-07-31 12:23:13,1
1960,2520,,L81061,2018-07-30 14:53:20,1
1959,2520,,L81089,2018-07-30 14:51:23,1
1958,2520,,L81091,2018-07-30 14:50:39,1
1956,2516,,G82060,2018-07-30 05:32:40,1
1954,2513,,E85054,2018-07-27 16:19:49,1
1953,2506,99P,,2018-07-27 10:00:47,1
1952,2504,,J82194,2018-07-27 07:08:48,1
1951,2502,,J82194,2018-07-26 23:27:44,1
1949,2500,,L83026,2018-07-26 13:19:52,1
1948,2498,,L83071,2018-07-26 12:12:34,1
1947,1570,,A83044,2018-07-26 11:10:56,1
1946,1570,,A83004,2018-07-26 11:09:44,1
1945,2346,07M,,2018-07-26 10:52:36,1
1944,2492,08X,,2018-07-26 10:46:31,1
1941,2243,99J,,2018-07-26 10:38:07,1
1940,2441,,K83043,2018-07-26 09:24:44,1
1939,785,,G82697,2018-07-26 08:49:19,1
1935,2483,00K,,2018-07-25 14:46:35,1
1934,2482,,L82058,2018-07-25 09:37:10,1
1933,2481,99K,,2018-07-25 08:45:38,1
1932,2480,,M91624,2018-07-25 07:04:48,1
1929,2477,01Y,,2018-07-24 12:18:59,1
1928,2476,,L83045,2018-07-24 06:46:22,1
1927,2475,,P81079,2018-07-23 16:09:47,1
1924,2470,09W,,2018-07-20 14:31:36,1
1923,2469,00P,,2018-07-20 14:00:24,1
1922,2464,03T,,2018-07-20 11:49:22,1
1919,2464,04D,,2018-07-20 11:47:49,1
1918,2463,,P81051,2018-07-20 11:47:24,1
1917,2461,,L81101,2018-07-20 10:29:18,1
1916,2459,11J,,2018-07-20 10:19:17,1
1915,2459,,J81030,2018-07-20 10:18:07,1
1910,1785,,M81075,2018-07-17 14:35:53,1
1909,2450,,M88026,2018-07-17 12:33:25,1
1908,2449,,P91035,2018-07-17 10:42:47,1
1905,2444,,Y02506,2018-07-16 14:31:20,1
1903,2441,06H,,2018-07-16 13:03:05,1
1902,2440,,G82088,2018-07-16 11:56:47,1
1897,2433,,L81086,2018-07-12 08:34:57,1
1896,2432,,C83063,2018-07-12 08:34:56,1
1895,2431,03N,,2018-07-11 15:26:49,1
1894,1785,05T,,2018-07-11 12:45:22,1
1891,2427,,E87002,2018-07-09 15:23:07,1
1890,2426,,P89013,2018-07-09 12:27:14,1
1889,2425,08G,,2018-07-09 11:39:19,1
1888,2424,,M89019,2018-07-09 09:15:26,1
1887,2423,,L81034,2018-07-08 16:15:40,1
1886,2419,,L81027,2018-07-06 12:27:32,1
1884,2417,03H,,2018-07-06 11:34:38,1
1883,2416,,B84004,2018-07-06 02:04:27,1
1882,2415,08D,,2018-07-05 16:30:48,1
1880,2413,,P88021,2018-07-05 15:04:42,1
1879,2411,,D83056,2018-07-05 14:44:35,1
1878,2410,,C84045,2018-07-05 14:37:47,1
1877,2409,,M81034,2018-07-05 09:31:50,1
1876,2408,,M81629,2018-07-04 21:27:15,1
1873,2402,,P91014,2018-07-03 15:39:39,1
1872,2402,,P91013,2018-07-03 15:38:28,1
1871,2401,,L81051,2018-07-03 15:16:02,1
1870,2400,,L81040,2018-07-03 14:18:36,1
1868,2397,,J83038,2018-07-03 09:03:34,1
1867,2395,,J82056,2018-07-02 14:43:11,1
1866,2394,,A81064,2018-07-02 09:06:19,1
1865,2393,,C88046,2018-07-01 19:41:29,1
1863,2391,,E84068,2018-06-29 16:14:41,1
1862,2389,,H82053,2018-06-28 21:35:46,1
1861,2388,,B81603,2018-06-28 21:14:25,1
1858,2384,,B82050,2018-06-28 11:06:51,1
1857,2383,,F85033,2018-06-27 11:59:52,1
1856,2382,01W,,2018-06-27 04:24:35,1
1854,2380,15E,,2018-06-26 20:38:30,1
1852,2378,,F83681,2018-06-26 12:02:43,1
1851,2375,,M83056,2018-06-26 10:27:17,1
1846,2370,,D83030,2018-06-25 21:41:11,1
1843,2367,,N81037,2018-06-24 11:59:07,1
1841,2365,,J82088,2018-06-23 11:20:06,1
1840,2364,,J82056,2018-06-22 17:28:52,1
1839,2363,09N,,2018-06-22 12:47:00,1
1838,2360,,M81003,2018-06-22 09:29:28,1
1837,2360,,M81016,2018-06-22 09:28:54,1
1836,2360,05F,,2018-06-22 09:28:13,1
1835,2358,,B83029,2018-06-21 23:27:08,1
1831,1741,11N,,2018-06-21 10:52:45,1
1830,2353,,B84013,2018-06-21 10:50:01,1
1826,2348,99C,,2018-06-20 14:37:24,1
1825,2346,,E83008,2018-06-20 11:46:47,1
1824,2344,08G,,2018-06-20 11:08:25,1
1822,2340,02M,,2018-06-20 08:21:56,1
1821,2339,02M,,2018-06-20 08:20:03,1
1817,584,,B86044,2018-06-19 16:47:43,1
1816,2034,,E85029,2018-06-19 16:06:46,1
1815,2328,,P83025,2018-06-19 15:43:24,1
1814,2326,06V,,2018-06-19 13:08:06,1
1813,598,,L81069,2018-06-19 11:32:57,1
1812,598,,L81644,2018-06-19 11:29:43,1
1811,598,,L81070,2018-06-19 11:25:32,1
1810,2322,07J,,2018-06-19 11:18:16,1
1809,180,,M85108,2018-06-19 10:52:14,1
1807,2319,15E,,2018-06-18 14:10:04,1
1802,2313,,E85127,2018-06-16 10:31:03,1
1801,2312,,A84002,2018-06-15 13:11:44,1
1800,2311,,E82067,2018-06-15 08:22:17,1
1797,237,02M,,2018-06-14 15:52:23,1
1796,2306,00R,,2018-06-14 13:09:26,1
1795,2306,02M,,2018-06-14 13:08:26,1
1794,2305,,C88015,2018-06-14 10:24:58,1
1793,2304,,H85069,2018-06-14 08:52:11,1
1792,2303,,F81097,2018-06-13 14:47:30,1
1791,2302,07J,,2018-06-13 10:38:51,1
1788,2299,11M,,2018-06-13 09:12:54,1
1787,2298,,J82605,2018-06-13 08:49:50,1
1785,1625,,P82025,2018-06-13 07:35:31,1
1784,2225,08A,,2018-06-13 07:29:53,1
1783,2294,,H84619,2018-06-12 21:27:46,1
1779,2287,,L84063,2018-06-11 14:46:06,1
1778,2286,,L81045,2018-06-11 14:39:56,1
1777,2284,,M81003,2018-06-11 13:02:49,1
1776,2284,,M81016,2018-06-11 13:02:00,1
1775,2283,,E85014,2018-06-09 16:37:22,1
1773,2280,,J82186,2018-06-09 11:31:40,1
1769,2274,05L,,2018-06-07 20:36:31,1
1767,2243,99J,,2018-06-07 09:56:53,1
1766,2243,10D,,2018-06-07 09:56:27,1
1765,2243,08T,,2018-06-07 09:56:08,1
1764,2243,10C,,2018-06-07 09:55:52,1
1763,2243,99H,,2018-06-07 09:55:35,1
1762,2243,10A,,2018-06-07 09:55:04,1
1761,2243,08P,,2018-06-07 09:54:15,1
1760,2243,09Y,,2018-06-07 09:53:44,1
1759,2243,09W,,2018-06-07 09:53:06,1
1758,2243,08L,,2018-06-07 09:52:32,1
1757,2243,08K,,2018-06-07 09:52:00,1
1756,2243,08J,,2018-06-07 09:50:10,1
1755,2243,09X,,2018-06-07 09:49:29,1
1754,2243,09P,,2018-06-07 09:49:02,1
1753,2243,99K,,2018-06-07 09:48:30,1
1752,2243,09N,,2018-06-07 09:47:55,1
1751,2243,08A,,2018-06-07 09:47:25,1
1750,2243,09L,,2018-06-07 09:46:42,1
1749,2243,07V,,2018-06-07 09:45:19,1
1748,2243,09H,,2018-06-07 09:44:55,1
1747,2243,09G,,2018-06-07 09:44:15,1
1746,2243,09D,,2018-06-07 09:43:33,1
1745,2243,09E,,2018-06-07 09:43:04,1
1744,2243,07N,,2018-06-07 09:41:35,1
1743,2243,07Q,,2018-06-07 09:41:08,1
1742,2243,09C,,2018-06-07 09:40:22,1
1741,2242,99P,,2018-06-07 09:25:01,1
1740,2241,,E87768,2018-06-07 08:27:35,1
1738,2235,,F84096,2018-06-06 08:52:58,1
1736,2232,03R,,2018-06-04 14:56:07,1
1732,2227,,P85005,2018-06-03 17:50:13,1
1731,2227,00Y,,2018-06-03 17:40:29,1
1730,2226,01G,,2018-06-01 09:11:03,1
1729,2225,08H,,2018-05-31 19:18:44,1
1723,2214,,N82009,2018-05-29 18:17:36,1
1722,2213,,J83038,2018-05-29 14:06:42,1
1721,2212,,J83038,2018-05-29 13:19:46,1
1715,2202,08H,,2018-05-25 11:02:25,1
1714,2202,,F83039,2018-05-25 10:59:30,1
1713,2202,,F83686,2018-05-25 10:58:59,1
1710,2199,,L84068,2018-05-24 15:34:26,1
1709,2198,11J,,2018-05-24 14:26:51,1
1659,2109,,C88051,2018-05-10 09:38:16,1
1656,2104,,M81094,2018-05-09 13:32:18,1
1651,2093,,K81034,2018-05-08 16:23:21,1
1648,2090,,F85697,2018-05-08 14:01:47,1
1645,2086,,K84047,2018-05-08 07:37:13,1
1642,2082,06V,,2018-05-04 14:24:14,1
1641,2080,,L85012,2018-05-04 09:51:26,1
1640,2079,11X,,2018-05-04 09:50:27,1
1637,431,,F86040,2018-05-03 14:05:28,1
1636,2074,,P81010,2018-05-03 08:50:27,1
1635,2070,,J82097,2018-05-02 07:16:53,1
1634,2069,09J,,2018-05-01 18:41:25,1
1633,2068,,L83111,2018-05-01 15:41:48,1
1632,1996,,M92649,2018-05-01 10:57:35,1
1631,1996,,M92042,2018-05-01 10:57:06,1
1630,1996,,M92007,2018-05-01 10:56:38,1
1629,1996,,M92014,2018-05-01 10:56:03,1
1628,1996,,M92011,2018-05-01 10:55:25,1
1627,2061,,L84054,2018-05-01 09:22:13,1
1626,2059,,L81028,2018-05-01 07:18:15,1
1625,2058,09L,,2018-04-30 15:02:17,1
1624,2056,04L,,2018-04-30 13:41:28,1
1623,2056,,Y00026,2018-04-30 13:41:06,1
1621,2051,,K83032,2018-04-28 22:14:32,1
1618,2045,,A86037,2018-04-27 13:02:56,1
1617,2004,,L83624,2018-04-27 11:01:38,1
1616,2043,,F81076,2018-04-27 10:22:00,1
1615,2042,01X,,2018-04-27 10:11:30,1
1614,2041,15C,,2018-04-26 17:13:37,1
1613,2040,,C83614,2018-04-26 17:07:40,1
1612,2039,,L81094,2018-04-26 16:07:21,1
1609,2034,08C,,2018-04-26 09:50:36,1
1608,2034,,E85029,2018-04-26 09:49:09,1
1607,2034,15E,,2018-04-26 09:47:14,1
1606,2033,14Y,,2018-04-26 08:05:19,1
1605,2032,,F83019,2018-04-26 07:59:58,1
1603,714,,M91619,2018-04-25 10:18:33,1
1602,714,,Y00228,2018-04-25 10:10:17,1
1599,2025,09N,,2018-04-25 08:46:42,1
1598,2023,15E,,2018-04-24 20:35:49,1
1585,2009,,F83010,2018-04-24 14:25:39,1
1584,2008,,L84012,2018-04-24 13:34:28,1
1583,2004,,L83651,2018-04-24 10:08:03,1
1582,2004,,L83624,2018-04-24 10:06:02,1
1581,2004,,L83646,2018-04-24 09:59:25,1
1580,2004,,L83048,2018-04-24 09:58:02,1
1579,2003,06A,,2018-04-24 09:02:46,1
1577,2001,,B82033,2018-04-23 21:22:48,1
1574,1997,,K83036,2018-04-23 13:33:11,1
1573,1996,06A,,2018-04-23 13:32:50,1
1572,1892,,P91615,2018-04-23 13:04:37,1
1571,1892,,P91619,2018-04-23 13:03:03,1
1570,1992,,L84084,2018-04-23 12:59:48,1
1569,1991,06A,,2018-04-23 12:41:10,1
1568,1990,,F84062,2018-04-23 12:07:39,1
1566,1634,06M,,2018-04-23 10:16:17,1
1565,1987,,E81633,2018-04-23 09:19:14,1
1564,180,,M85108,2018-04-23 08:48:31,1
1562,1984,,G81100,2018-04-22 10:28:17,1
1561,1983,,K82046,2018-04-22 10:14:58,1
1559,1981,,K83031,2018-04-21 15:22:21,1
1553,1975,,J82088,2018-04-20 15:46:31,1
1552,1974,08H,,2018-04-20 15:14:01,1
1551,1973,,G85011,2018-04-20 14:49:26,1
1549,1971,,P82031,2018-04-20 10:47:17,1
1545,1962,01K,,2018-04-20 09:08:14,1
1544,1466,06A,,2018-04-19 16:13:34,1
1542,1959,07T,,2018-04-19 13:59:17,1
1541,1958,,H81051,2018-04-19 12:10:18,1
1540,1957,09N,,2018-04-18 15:35:23,1
1539,1956,,A81608,2018-04-18 13:26:38,1
1538,1955,,L83079,2018-04-18 12:42:26,1
1535,1952,,P81010,2018-04-18 06:31:33,1
1533,1950,11M,,2018-04-17 15:52:24,1
1532,1947,,P82008,2018-04-16 17:08:24,1
1530,1941,,F81097,2018-04-16 10:57:22,1
1528,1941,99G,,2018-04-16 08:53:03,1
1527,1939,,D81631,2018-04-15 14:00:52,1
1526,1939,,D81625,2018-04-15 13:57:44,1
1525,1937,,K84046,2018-04-15 10:50:01,1
1524,1935,,L81094,2018-04-13 16:02:00,1
1523,1934,,E84680,2018-04-13 12:40:33,1
1522,1933,,L83137,2018-04-13 09:05:48,1
1520,1930,04D,,2018-04-12 08:00:51,1
1518,1927,,G82028,2018-04-12 06:49:59,1
1516,1925,08D,,2018-04-11 13:59:19,1
1515,1924,11M,,2018-04-11 13:44:18,1
1507,1909,11M,,2018-04-10 07:53:06,1
1505,1907,,H82089,2018-04-09 13:06:57,1
1504,1906,,Y00184,2018-04-09 10:38:21,1
1502,1904,,J81010,2018-04-05 19:09:46,1
1501,1903,,F83015,2018-04-05 14:21:55,1
1500,1901,,F81150,2018-04-05 13:55:51,1
1499,1900,,E86015,2018-04-05 10:07:05,1
1498,1899,,K84047,2018-04-05 09:59:58,1
1495,1894,03X,,2018-04-03 14:35:22,1
1493,1892,,P91629,2018-04-03 13:42:57,1
1492,1601,,L84616,2018-03-29 19:02:42,1
1491,1890,01Y,,2018-03-29 12:57:37,1
1490,1889,08J,,2018-03-29 11:57:04,1
1489,1887,11N,,2018-03-26 12:49:57,1
1485,1875,07H,,2018-03-23 16:45:49,1
1484,1875,07G,,2018-03-23 16:45:39,1
1483,1875,99G,,2018-03-23 16:45:27,1
1482,1875,06Q,,2018-03-23 16:44:55,1
1481,1875,06N,,2018-03-23 16:44:31,1
1480,1875,06K,,2018-03-23 16:44:12,1
1479,1875,99F,,2018-03-23 16:43:50,1
1478,1875,06F,,2018-03-23 16:41:41,1
1477,1875,99E,,2018-03-23 16:41:12,1
1475,1872,,G82119,2018-03-23 08:42:17,1
1473,1864,,F81141,2018-03-21 15:19:12,1
1472,1863,,E84068,2018-03-21 14:23:24,1
1471,1862,,P87024,2018-03-21 13:03:29,1
1470,1860,01G,,2018-03-21 10:18:54,1
1468,1858,,J81621,2018-03-20 21:04:22,1
1467,1856,,E84068,2018-03-20 15:34:15,1
1466,1855,,Y02117,2018-03-19 19:13:25,1
1464,1853,,E84008,2018-03-18 22:18:58,1
1463,1852,,L85042,2018-03-18 20:58:35,1
1462,1851,,P81003,2018-03-18 15:05:29,1
1461,1849,,E84068,2018-03-16 14:40:43,1
1460,1848,,E84025,2018-03-16 14:04:45,1
1457,1845,,A83018,2018-03-16 07:34:16,1
1456,1844,,E87738,2018-03-16 01:12:55,1
1455,1842,,A83054,2018-03-15 15:29:34,1
1454,1836,,L83112,2018-03-15 14:04:33,1
1453,1836,,L83147,2018-03-15 14:01:57,1
1452,1836,,L83648,2018-03-15 13:59:08,1
1451,1836,,L83646,2018-03-15 13:57:33,1
1450,1836,,L83651,2018-03-15 11:51:34,1
1449,1835,,Y02692,2018-03-15 11:44:10,1
1448,1833,,D82104,2018-03-15 10:50:28,1
1446,1830,,B82020,2018-03-15 08:32:08,1
1445,1829,,Y02117,2018-03-14 22:45:28,1
1444,1828,,Y00206,2018-03-14 17:54:11,1
1443,1827,,F83056,2018-03-14 17:35:50,1
1441,1825,,E87063,2018-03-14 17:33:11,1
1440,1822,,Y01066,2018-03-14 17:08:23,1
1437,1819,,Y01011,2018-03-14 16:54:13,1
1434,1816,,Y02692,2018-03-14 16:39:32,1
1433,1814,,E84075,2018-03-14 16:37:31,1
1432,1813,,F83056,2018-03-14 16:17:04,1
1429,1808,99A,,2018-03-12 16:14:56,1
1428,1807,,P87028,2018-03-12 15:59:19,1
1427,1806,,L83022,2018-03-12 13:14:09,1
1426,1805,08H,,2018-03-11 23:55:05,1
1424,1803,99A,,2018-03-09 14:00:48,1
1421,1800,,G83049,2018-03-08 22:33:13,1
1420,1799,,N84012,2018-03-08 10:01:09,1
1419,1797,,M91642,2018-03-07 22:54:02,1
1418,1797,,M85701,2018-03-07 20:46:55,1
1412,1789,07V,,2018-03-07 09:17:41,1
1411,1788,15C,,2018-03-06 16:07:28,1
1410,1787,,K81063,2018-03-06 14:22:03,1
1409,1785,,M81079,2018-03-06 13:19:27,1
1407,1782,,B82030,2018-03-05 20:49:26,1
1403,1777,11X,,2018-03-03 13:11:36,1
1401,1772,,P87022,2018-03-02 09:14:44,1
1400,1772,,P87651,2018-03-02 09:14:15,1
1399,1772,,P87648,2018-03-02 09:08:10,1
1398,1770,10Q,,2018-03-01 12:47:54,1
1390,1759,,L85611,2018-02-28 09:32:57,1
1389,1759,,L85002,2018-02-28 09:28:33,1
1384,1752,,D81636,2018-02-27 13:46:34,1
1382,1749,,N84621,2018-02-26 15:09:51,1
1381,1748,06A,,2018-02-26 13:57:58,1
1380,1746,11M,,2018-02-26 12:22:24,1
1379,1745,06A,,2018-02-26 11:03:13,1
1378,1744,06A,,2018-02-26 10:57:00,1
1377,1743,06A,,2018-02-26 10:53:47,1
1376,1742,02T,,2018-02-26 10:10:22,1
1375,1741,11N,,2018-02-26 09:33:40,1
1374,1738,,L83056,2018-02-25 22:38:27,1
1373,1737,,L83056,2018-02-25 22:38:09,1
1370,1734,,L81081,2018-02-25 15:38:32,1
1367,1730,,Y00189,2018-02-23 17:15:52,1
1366,1730,,L85022,2018-02-23 17:11:16,1
1364,1637,,M82023,2018-02-23 14:41:31,1
1363,1637,,M82011,2018-02-23 14:40:47,1
1362,1637,,M82013,2018-02-23 14:40:07,1
1360,1719,02E,,2018-02-23 09:13:17,1
1357,1601,,Y05212,2018-02-22 21:25:37,1
1356,1601,,L84616,2018-02-22 21:24:41,1
1355,1714,,L81031,2018-02-22 21:21:59,1
1354,1047,,L83038,2018-02-22 19:31:12,1
1353,1711,10Q,,2018-02-22 12:27:18,1
1352,1708,,F81043,2018-02-19 11:36:08,1
1347,1697,,C88060,2018-02-15 16:51:10,1
1345,1697,,C88077,2018-02-15 16:49:10,1
1343,1697,,C88088,2018-02-15 16:46:56,1
1342,1697,,C88028,2018-02-15 16:46:04,1
1341,1697,,C88049,2018-02-15 16:44:36,1
1340,1201,,C88019,2018-02-14 23:19:17,1
1339,1693,01G,,2018-02-14 18:39:38,1
1338,1690,08M,,2018-02-14 13:09:58,1
1337,1690,99E,,2018-02-14 13:03:46,1
1336,1684,,P88021,2018-02-14 09:44:04,1
1335,1684,,P88006,2018-02-14 09:43:54,1
1334,1684,,P88002,2018-02-14 09:43:37,1
1333,1684,,P88625,2018-02-14 09:39:05,1
1332,1683,15D,,2018-02-13 22:17:12,1
1331,1682,,Y00445,2018-02-13 20:18:27,1
1330,1681,,B81008,2018-02-13 13:58:38,1
1329,1680,,F82008,2018-02-13 12:52:04,1
1328,1679,11N,,2018-02-12 16:34:51,1
1326,1675,,N84627,2018-02-12 13:35:03,1
1325,1675,,N84026,2018-02-12 13:31:43,1
1324,1675,,N84621,2018-02-12 13:28:38,1
1323,1672,00V,,2018-02-10 06:34:02,1
1319,1668,02F,,2018-02-09 10:51:51,1
1318,1667,,E87681,2018-02-09 09:39:05,1
1317,1665,,C84101,2018-02-08 21:15:34,1
1313,1660,,P81043,2018-02-08 09:08:16,1
1312,1659,,J82005,2018-02-08 06:36:05,1
1311,1658,,P81016,2018-02-07 17:29:21,1
1310,1657,03N,,2018-02-07 15:56:44,1
1307,1651,,L83042,2018-02-06 15:29:06,1
1306,1650,,B85655,2018-02-06 10:45:41,1
1303,1647,,G85642,2018-02-04 07:34:49,1
1301,1645,,L83020,2018-02-02 15:54:58,1
1299,1641,,J83046,2018-02-01 21:24:53,1
1298,1640,04M,,2018-02-01 18:55:09,1
1297,1637,,M82017,2018-01-31 19:15:19,1
1296,1281,,L83070,2018-01-31 13:45:22,1
1295,1634,,D83030,2018-01-31 13:26:30,1
1293,1626,,B81061,2018-01-31 09:36:36,1
1292,1626,,B81658,2018-01-31 09:36:00,1
1291,1626,,B81010,2018-01-31 09:35:29,1
1290,1626,,B81100,2018-01-31 09:34:51,1
1289,1626,,B81653,2018-01-31 09:33:41,1
1288,1626,,B81101,2018-01-31 09:32:56,1
1287,1626,,B81602,2018-01-31 09:28:21,1
1286,1625,,Y03079,2018-01-31 09:13:35,1
1284,1622,05N,,2018-01-30 21:26:47,1
1283,1622,,M82006,2018-01-30 21:25:33,1
1282,1621,,F83008,2018-01-30 16:09:12,1
1275,1609,,E87069,2018-01-28 10:00:03,1
1274,1608,,E87714,2018-01-27 22:07:12,1
1273,1604,,E87681,2018-01-27 12:09:16,1
1272,1603,09A,,2018-01-26 16:27:13,1
1271,1601,,L84023,2018-01-26 14:19:37,1
1270,1600,,L81054,2018-01-26 12:53:12,1
1269,1599,11M,,2018-01-26 12:44:46,1
1268,1597,06P,,2018-01-26 10:35:44,1
1267,1596,,D81062,2018-01-26 09:50:11,1
1265,1592,,C88047,2018-01-25 12:25:24,1
1259,1583,12D,,2018-01-24 11:34:40,1
1256,1578,,J82163,2018-01-23 19:00:24,1
1254,1558,,B82027,2018-01-23 15:04:58,1
1252,1561,,Y00164,2018-01-22 15:57:19,1
1251,1559,04D,,2018-01-22 15:09:06,1
1240,1534,,C88035,2018-01-18 10:19:55,1
1235,1527,,L84023,2018-01-17 15:09:15,1
1233,1525,14L,,2018-01-16 11:29:53,1
1231,1051,15F,,2018-01-15 15:10:35,1
1230,1521,,M88038,2018-01-15 14:36:54,1
1229,1520,,C83031,2018-01-15 12:18:00,1
1228,1519,,M81044,2018-01-13 16:32:52,1
1226,1516,,J82088,2018-01-11 12:49:15,1
1224,1090,,M81042,2018-01-10 20:45:16,1
1223,1512,,H81029,2018-01-10 15:39:04,1
1222,1510,11N,,2018-01-10 12:47:52,1
1221,1506,,J83041,2018-01-09 22:46:17,1
1220,1506,,J83055,2018-01-09 22:44:14,1
1219,1506,,J83006,2018-01-09 22:43:44,1
1218,1506,,J83029,2018-01-09 22:39:30,1
1217,1505,,C88085,2018-01-09 22:24:38,1
1211,1498,01M,,2018-01-07 16:18:28,1
1210,1497,11M,,2018-01-07 11:54:27,1
1209,1486,,C87030,2018-01-05 13:23:25,1
1207,1481,,K84052,2018-01-05 11:50:51,1
1203,1476,03L,,2018-01-02 14:25:09,1
1202,1472,,L84034,2018-01-02 08:47:13,1
1201,1471,,Y04995,2018-01-02 08:43:42,1
1200,1472,,L84052,2018-01-02 08:39:22,1
1199,1471,,C81024,2018-01-02 08:39:18,1
1195,1466,06A,,2017-12-27 19:10:58,1
1194,900,,L81669,2017-12-27 16:21:17,1
1193,900,,L81037,2017-12-27 16:08:18,1
1192,1460,,C82610,2017-12-25 17:50:28,1
1191,1459,,C84705,2017-12-22 19:20:44,1
1190,1457,,P91021,2017-12-22 14:18:41,1
1186,1452,04N,,2017-12-22 12:00:41,1
1185,1452,04K,,2017-12-22 12:00:02,1
1182,1447,,P92041,2017-12-21 17:07:00,1
1179,1444,09G,,2017-12-21 14:15:50,1
1174,480,,B83054,2017-12-21 11:26:51,1
1173,1436,,L81123,2017-12-21 10:31:42,1
1171,1434,07V,,2017-12-20 16:39:27,1
1170,1355,,C81008,2017-12-20 10:51:20,1
1167,1429,,J82046,2017-12-19 17:50:09,1
1166,1424,,C84123,2017-12-19 17:41:17,1
1165,1424,,C84113,2017-12-19 17:40:36,1
1164,1424,,C84009,2017-12-19 17:37:38,1
1163,1424,,C84019,2017-12-19 17:35:46,1
1162,1424,,C84656,2017-12-19 17:34:00,1
1160,1421,99H,,2017-12-19 11:22:48,1
1155,1415,,E85015,2017-12-13 16:37:26,1
1154,1414,,A86003,2017-12-13 16:30:11,1
1153,1413,,P85605,2017-12-13 15:52:40,1
1152,1412,,B82028,2017-12-13 13:59:27,1
1151,1411,,D82613,2017-12-13 12:55:14,1
1147,1407,15D,,2017-12-13 10:44:02,1
1146,1405,06Y,,2017-12-13 10:26:16,1
1145,1405,06W,,2017-12-13 10:21:09,1
1144,1404,,A86030,2017-12-13 09:51:25,1
1143,1402,09G,,2017-12-12 21:34:50,1
1141,1400,,L84020,2017-12-12 14:49:57,1
1140,1398,,J81029,2017-12-12 12:13:42,1
1138,1396,,J83009,2017-12-11 16:41:52,1
1137,1301,,H81055,2017-12-11 15:40:46,1
1136,1394,99A,,2017-12-11 12:05:43,1
1135,1393,08D,,2017-12-11 11:48:14,1
1131,1389,08W,,2017-12-08 18:06:39,1
1128,1385,08E,,2017-12-08 13:14:45,1
1126,1383,,P84068,2017-12-07 21:59:16,1
1124,1381,08R,,2017-12-07 11:29:10,1
1122,1379,01Y,,2017-12-06 11:11:49,1
1121,1376,04V,,2017-12-05 21:09:26,1
1120,1376,03W,,2017-12-05 21:06:18,1
1119,1376,04C,,2017-12-05 21:02:40,1
1115,1365,,A83047,2017-12-04 11:59:38,1
1114,1368,,P92605,2017-12-04 11:59:28,1
1113,1365,,A83005,2017-12-04 11:59:10,1
1112,1365,,A81609,2017-12-04 11:58:42,1
1111,1365,,A81057,2017-12-04 11:58:06,1
1108,1362,,J82196,2017-12-03 14:11:49,1
1107,1361,,L81082,2017-12-01 22:05:55,1
1105,1359,,D82020,2017-12-01 15:19:33,1
1104,1358,,A81036,2017-12-01 12:51:57,1
1103,1357,,P84061,2017-11-30 21:49:42,1
1102,1355,,C81008,2017-11-30 17:29:03,1
1101,265,,L83137,2017-11-30 16:53:43,1
1095,1346,,C81008,2017-11-30 13:09:52,1
1094,1346,,Y04995,2017-11-30 13:08:06,1
1088,1339,,P84630,2017-11-29 12:29:38,1
1087,1338,,P89014,2017-11-29 10:51:47,1
1085,1335,99P,,2017-11-28 19:47:38,1
1084,1335,99Q,,2017-11-28 19:46:44,1
1083,1334,,L82011,2017-11-28 17:54:15,1
1082,1332,06A,,2017-11-28 17:38:51,1
1080,1321,,K83616,2017-11-27 16:18:50,1
1079,1321,,K83030,2017-11-27 16:18:26,1
1078,1321,,K83080,2017-11-27 16:17:57,1
1077,1321,,K83007,2017-11-27 16:17:19,1
1076,1321,,K83044,2017-11-27 16:17:02,1
1075,1321,,K83024,2017-11-27 16:16:47,1
1074,1321,,K83065,2017-11-27 16:16:24,1
1073,1321,,K83028,2017-11-27 16:16:09,1
1072,1321,,K83069,2017-11-27 16:15:47,1
1071,1321,04G,,2017-11-27 16:15:22,1
1069,1319,,K83021,2017-11-27 09:33:19,1
1067,1317,,Y03063,2017-11-27 08:31:32,1
1065,1314,,N81042,2017-11-25 08:27:09,1
1062,1311,99J,,2017-11-24 14:16:11,1
1061,1310,,B83029,2017-11-24 12:32:55,1
1060,1306,04K,,2017-11-23 21:48:29,1
1059,1306,04E,,2017-11-23 21:48:09,1
1058,1306,04H,,2017-11-23 20:57:44,1
1057,1304,07V,,2017-11-23 20:49:13,1
1056,1304,,H83016,2017-11-23 20:48:14,1
1055,1303,,K83625,2017-11-23 10:28:30,1
1053,1301,09L,,2017-11-22 17:39:21,1
1052,1299,,A81044,2017-11-22 16:29:08,1
1051,1299,00K,,2017-11-22 16:26:45,1
1050,1297,,D81009,2017-11-21 18:37:36,1
1049,1296,,M88038,2017-11-21 11:50:54,1
1048,1295,,P81197,2017-11-21 11:14:00,1
1047,1293,04D,,2017-11-20 15:12:52,1
1045,1291,03F,,2017-11-19 17:32:08,1
1044,1289,,E84015,2017-11-17 09:29:33,1
1043,1289,,E84706,2017-11-17 09:15:06,1
1036,1281,,L83070,2017-11-15 14:28:16,1
1035,1272,04V,,2017-11-15 12:57:59,1
1034,1272,04C,,2017-11-15 12:57:32,1
1033,1272,03W,,2017-11-15 12:57:11,1
1032,1272,04Q,,2017-11-15 12:56:48,1
1031,1272,99D,,2017-11-15 12:56:28,1
1030,1272,03H,,2017-11-15 12:56:02,1
1029,1272,04D,,2017-11-15 12:55:29,1
1028,1272,03T,,2017-11-15 12:55:02,1
1027,1272,03K,,2017-11-15 12:53:29,1
1026,1271,,L81089,2017-11-15 08:47:36,1
1025,1270,,L81089,2017-11-14 16:17:10,1
1023,1266,,L83146,2017-11-13 15:54:55,1
1022,1266,,L83130,2017-11-13 15:54:13,1
1021,1266,,L83013,2017-11-13 15:53:49,1
1020,1263,,B83055,2017-11-12 16:38:06,1
1018,1260,,E87742,2017-11-11 20:30:57,1
1016,1258,,N85047,2017-11-11 15:26:03,1
1013,1253,08P,,2017-11-10 13:37:39,1
1012,1252,,L83118,2017-11-10 10:34:53,1
1011,1251,,F82005,2017-11-09 20:27:58,1
1008,1248,,B82049,2017-11-09 11:55:48,1
1007,447,,B86051,2017-11-09 10:32:18,1
1006,1169,,K83037,2017-11-09 10:18:27,1
1005,1169,,K83021,2017-11-09 10:17:40,1
1004,1169,,K83625,2017-11-09 10:17:09,1
1003,1169,,K83039,2017-11-09 10:15:24,1
1002,1242,,L83078,2017-11-09 07:42:08,1
1001,1241,,K83036,2017-11-08 22:05:03,1
998,994,,M86030,2017-11-08 17:35:30,1
996,1232,14Y,,2017-11-08 16:11:33,1
995,1233,06H,,2017-11-08 16:05:08,1
993,894,,L81068,2017-11-08 15:19:38,1
992,1228,,H85100,2017-11-08 13:47:01,1
991,1228,,H85075,2017-11-08 13:29:07,1
990,1228,,H85048,2017-11-08 13:20:44,1
989,1217,03R,,2017-11-08 13:18:31,1
988,1217,03J,,2017-11-08 13:18:18,1
987,1217,15F,,2017-11-08 13:18:06,1
984,1217,03E,,2017-11-08 13:17:34,1
983,1217,03A,,2017-11-08 13:17:18,1
982,1217,02T,,2017-11-08 13:17:04,1
981,1217,02R,,2017-11-08 13:16:50,1
980,1217,02W,,2017-11-08 13:16:30,1
979,1217,02N,,2017-11-08 13:15:56,1
978,1216,,P81104,2017-11-08 11:04:21,1
977,1215,99E,,2017-11-08 10:51:38,1
976,1213,,C81033,2017-11-07 21:38:12,1
975,1213,,C81029,2017-11-07 21:34:46,1
974,1212,,M85093,2017-11-07 12:07:05,1
971,1209,,E85636,2017-11-07 11:35:51,1
970,1169,,K83036,2017-11-06 15:06:05,1
969,1206,08L,,2017-11-06 12:37:50,1
968,1204,,B82066,2017-11-06 11:42:50,1
967,753,,F81649,2017-11-06 11:26:08,1
965,1201,,C88019,2017-11-05 21:18:08,1
964,1199,,B81036,2017-11-05 08:02:54,1
963,1198,08C,,2017-11-04 23:22:04,1
959,1194,,K82008,2017-11-03 10:24:13,1
958,598,,L81637,2017-11-02 15:09:51,1
957,598,,L81065,2017-11-02 15:09:02,1
956,1189,,J82163,2017-11-02 15:01:07,1
955,1186,09A,,2017-11-02 00:17:39,1
954,1186,,Y02260,2017-11-02 00:14:01,1
952,1184,,Y00056,2017-11-01 12:36:53,1
951,1183,,D81012,2017-11-01 11:12:05,1
950,1178,,L83034,2017-10-31 10:32:49,1
949,1178,,L83046,2017-10-31 10:31:15,1
948,1177,,K81036,2017-10-31 09:58:10,1
947,660,00M,,2017-10-30 13:29:38,1
944,1172,,F82010,2017-10-29 19:19:24,1
943,1171,,E87637,2017-10-29 17:58:30,1
941,1169,,K83013,2017-10-29 13:29:38,1
940,1168,05X,,2017-10-28 22:22:49,1
938,1166,09W,,2017-10-27 15:16:13,1
936,1163,,G82036,2017-10-27 14:45:14,1
935,1162,,A84042,2017-10-27 10:09:59,1
934,1158,,K83051,2017-10-26 15:00:52,1
933,1157,08H,,2017-10-25 20:22:56,1
931,1155,,L82023,2017-10-24 18:17:20,1
930,943,,D83002,2017-10-24 14:36:34,1
929,943,,D83034,2017-10-24 14:36:15,1
928,943,,D83010,2017-10-24 14:34:11,1
927,943,,D82003,2017-10-24 14:31:37,1
926,943,,Y00164,2017-10-24 10:28:00,1
923,1147,,G82036,2017-10-23 15:12:35,1
922,1146,,P83001,2017-10-23 13:54:09,1
920,1144,,K84026,2017-10-23 11:12:53,1
918,1142,,M85175,2017-10-21 19:49:37,1
917,1141,99C,,2017-10-20 14:42:50,1
916,1139,,F81741,2017-10-20 08:22:56,1
915,1137,,F84018,2017-10-20 07:37:16,1
912,1133,,M82616,2017-10-18 13:38:43,1
910,1129,,H82084,2017-10-18 10:30:03,1
904,1123,08D,,2017-10-16 15:48:01,1
902,1120,,J83633,2017-10-14 17:56:10,1
901,1118,99Q,,2017-10-13 20:10:07,1
900,1117,,M81033,2017-10-13 15:11:51,1
897,1111,12D,,2017-10-13 14:12:31,1
896,1111,,J83035,2017-10-13 14:10:05,1
895,1110,01G,,2017-10-13 13:48:10,1
894,1109,,C82016,2017-10-13 13:41:32,1
891,1105,,Y02521,2017-10-13 10:13:25,1
889,1102,,M81045,2017-10-12 21:53:16,1
887,1100,03L,,2017-10-12 13:02:51,1
883,1095,,L85002,2017-10-12 11:47:40,1
880,1091,,F83011,2017-10-12 11:06:29,1
879,1090,,M81075,2017-10-12 10:24:23,1
878,1089,06H,,2017-10-12 09:40:08,1
877,1086,,M81068,2017-10-12 09:15:46,1
876,1086,,M81015,2017-10-12 09:14:26,1
875,1086,,M81608,2017-10-12 09:12:54,1
874,1085,11X,,2017-10-12 08:19:41,1
873,1084,09G,,2017-10-11 17:02:33,1
872,1083,,D83028,2017-10-11 14:59:27,1
871,1082,99A,,2017-10-11 13:46:04,1
870,1081,,J84004,2017-10-11 12:51:34,1
869,1080,99J,,2017-10-11 12:26:32,1
867,1078,,D83028,2017-10-11 07:52:10,1
866,1077,,B82047,2017-10-10 23:25:25,1
865,1076,,H83016,2017-10-10 19:18:04,1
863,1074,00C,,2017-10-10 13:11:02,1
862,1047,,L83038,2017-10-10 09:03:58,1
861,1047,,L83608,2017-10-10 09:03:19,1
860,1047,99Q,,2017-10-10 09:01:29,1
859,1047,99P,,2017-10-10 08:59:53,1
858,1068,11N,,2017-10-10 08:42:05,1
857,1066,,C82038,2017-10-10 08:35:07,1
856,1065,04F,,2017-10-10 07:42:08,1
854,1062,00C,,2017-10-09 14:31:53,1
849,1056,,D83044,2017-10-09 07:13:11,1
845,1051,,B86075,2017-10-07 20:44:44,1
844,1050,99H,,2017-10-07 11:35:28,1
841,1046,,K83068,2017-10-06 15:26:49,1
840,1045,,F84735,2017-10-06 14:33:40,1
837,908,15E,,2017-10-05 14:10:05,1
836,1034,11N,,2017-10-05 09:38:35,1
834,1034,,Y04957,2017-10-05 08:30:31,1
831,1030,,B83015,2017-10-04 18:07:20,1
830,1029,,F81144,2017-10-04 14:45:12,1
828,1027,,E82663,2017-10-04 08:10:47,1
826,1025,,D81025,2017-10-03 21:15:01,1
821,1020,,C83001,2017-10-03 10:36:24,1
818,1017,,A83034,2017-10-03 08:47:10,1
813,1012,,M81041,2017-10-03 06:14:48,1
808,1007,,N85018,2017-10-02 19:24:46,1
806,1005,,M85026,2017-10-02 15:43:04,1
804,1003,01R,,2017-10-02 15:15:36,1
802,1001,08R,,2017-10-02 13:45:21,1
800,999,08A,,2017-10-02 12:58:20,1
799,997,,N83060,2017-10-02 11:03:46,1
798,996,00Y,,2017-10-02 10:43:53,1
797,995,02F,,2017-09-29 14:25:16,1
796,994,,M86030,2017-09-29 09:18:42,1
795,993,,F84062,2017-09-28 20:43:08,1
792,990,,C81032,2017-09-28 16:07:42,1
791,989,,L84045,2017-09-28 15:53:55,1
790,988,,Y02849,2017-09-28 08:06:23,1
788,986,,F84717,2017-09-27 21:09:56,1
787,96,08H,,2017-09-27 12:03:14,1
785,983,06H,,2017-09-26 09:44:03,1
784,982,02N,,2017-09-26 08:42:55,1
783,981,,K83022,2017-09-26 08:23:22,1
782,980,08H,,2017-09-25 15:28:03,1
781,973,,P83021,2017-09-25 12:53:05,1
780,973,,P83024,2017-09-25 12:46:34,1
779,973,,P83017,2017-09-25 12:42:47,1
778,973,,P83010,2017-09-25 12:38:34,1
777,973,,P83001,2017-09-25 12:34:30,1
776,973,,P83605,2017-09-25 12:27:47,1
775,973,,P83007,2017-09-25 12:11:34,1
773,971,08X,,2017-09-25 09:45:18,1
770,968,,K84007,2017-09-22 10:50:18,1
769,967,,B83055,2017-09-22 07:36:21,1
767,957,,K83003,2017-09-21 11:46:13,1
766,957,,K83035,2017-09-21 11:45:49,1
765,957,,K83008,2017-09-21 11:45:30,1
764,957,,K83014,2017-09-21 11:37:31,1
763,957,,K83027,2017-09-21 11:31:55,1
762,957,,K83010,2017-09-21 11:31:25,1
761,957,,K83041,2017-09-21 11:25:46,1
760,954,12F,,2017-09-21 09:42:41,1
759,954,02E,,2017-09-21 09:40:12,1
758,954,02F,,2017-09-21 09:35:57,1
757,480,,B83054,2017-09-21 09:12:27,1
756,136,,Y04927,2017-09-20 22:45:46,1
755,951,,J83032,2017-09-20 21:04:21,1
754,949,,B83058,2017-09-20 16:24:04,1
753,945,,H81046,2017-09-20 14:42:33,1
752,945,,H81030,2017-09-20 14:40:38,1
751,945,,H81005,2017-09-20 14:35:32,1
750,945,,H81058,2017-09-20 14:22:16,1
749,944,,Y03595,2017-09-20 11:26:01,1
748,943,06M,,2017-09-20 11:22:33,1
747,940,10Q,,2017-09-19 11:04:15,1
746,940,08E,,2017-09-19 11:03:49,1
745,939,15C,,2017-09-19 09:44:56,1
744,938,,K84054,2017-09-18 14:17:14,1
741,933,99P,,2017-09-13 08:33:40,1
740,480,,B83054,2017-09-13 07:18:30,1
738,929,,J81062,2017-09-12 08:54:59,1
737,928,05P,,2017-09-12 08:30:49,1
736,927,,P89015,2017-09-11 15:29:10,1
735,578,,H82034,2017-09-11 14:48:56,1
732,919,,M89017,2017-09-10 08:25:05,1
731,919,,M89021,2017-09-10 08:24:25,1
725,910,,N84611,2017-09-08 13:59:40,1
724,909,99C,,2017-09-08 09:56:35,1
722,907,05L,,2017-09-08 09:37:08,1
721,595,,P81119,2017-09-07 18:11:19,1
720,905,,B82012,2017-09-07 16:10:47,1
719,902,,L81061,2017-09-07 15:43:38,1
718,902,,L81089,2017-09-07 15:42:48,1
717,616,,A87027,2017-09-07 10:24:37,1
716,900,15C,,2017-09-06 08:41:06,1
715,897,,E81013,2017-09-05 20:57:46,1
713,897,,E81075,2017-09-04 20:41:05,1
712,896,,A88002,2017-09-04 14:54:54,1
711,895,06A,,2017-09-04 14:52:25,1
710,894,,L81071,2017-09-04 13:18:26,1
709,893,,C88026,2017-09-03 07:18:11,1
707,890,,B83050,2017-08-31 10:49:00,1
706,890,,B83045,2017-08-31 10:46:44,1
704,888,09D,,2017-08-29 12:39:20,1
702,886,10V,,2017-08-27 22:39:47,1
699,883,,J81026,2017-08-24 12:29:33,1
698,881,99Q,,2017-08-24 02:38:03,1
697,877,04D,,2017-08-23 13:38:01,1
696,877,99D,,2017-08-23 13:37:05,1
695,877,04Q,,2017-08-23 13:36:31,1
694,877,03T,,2017-08-23 13:27:53,1
692,872,07G,,2017-08-22 11:18:41,1
691,872,99E,,2017-08-22 11:17:31,1
688,866,,L83646,2017-08-18 09:12:33,1
686,864,02G,,2017-08-17 08:30:02,1
682,859,,L81112,2017-08-16 12:43:41,1
681,858,12D,,2017-08-16 12:17:06,1
680,857,,B81620,2017-08-16 07:47:30,1
679,855,,D81034,2017-08-15 15:08:26,1
678,854,12D,,2017-08-15 14:37:03,1
676,852,15F,,2017-08-15 08:53:38,1
675,851,,C86022,2017-08-14 19:20:00,1
665,838,,C81069,2017-08-14 09:41:12,1
664,837,,M81035,2017-08-14 09:36:54,1
663,836,,J81625,2017-08-13 12:39:18,1
659,828,,E87737,2017-08-11 07:18:10,1
658,827,,L84067,2017-08-11 05:49:32,1
656,824,,D82006,2017-08-10 22:41:49,1
655,820,,B86673,2017-08-10 21:15:52,1
654,820,,B86625,2017-08-10 21:13:32,1
653,820,,B86033,2017-08-10 21:08:54,1
652,820,,B86010,2017-08-10 21:02:53,1
651,819,00Y,,2017-08-10 18:28:23,1
650,818,,H85047,2017-08-10 18:13:55,1
649,817,,B83063,2017-08-10 18:09:06,1
648,816,,H81071,2017-08-10 17:45:05,1
646,814,,F81123,2017-08-10 16:25:45,1
642,809,,D81010,2017-08-10 14:15:32,1
640,807,09D,,2017-08-08 15:38:47,1
635,802,,C84051,2017-08-08 12:31:04,1
632,790,,N82106,2017-08-03 19:55:03,1
630,788,09N,,2017-08-03 15:25:08,1
629,787,,C81114,2017-08-02 12:45:47,1
628,491,,L85009,2017-08-02 11:05:05,1
627,785,,G82719,2017-08-02 09:36:38,1
625,783,,P85002,2017-08-01 18:47:02,1
624,782,02T,,2017-08-01 08:27:51,1
622,778,11M,,2017-07-31 22:20:29,1
621,778,11E,,2017-07-31 22:19:54,1
620,778,15C,,2017-07-31 22:19:22,1
619,777,,M92650,2017-07-31 14:57:16,1
616,774,,Y02616,2017-07-31 11:39:23,1
615,771,,B82042,2017-07-31 09:26:41,1
611,765,,N84001,2017-07-28 08:15:16,1
609,763,,Y03664,2017-07-27 22:21:07,1
607,761,,M85116,2017-07-27 05:41:15,1
606,759,,M86041,2017-07-26 11:22:36,1
605,759,,M86037,2017-07-26 11:21:09,1
604,758,,F81126,2017-07-25 17:20:46,1
602,756,03X,,2017-07-25 12:18:19,1
601,753,,Y02177,2017-07-25 12:11:28,1
600,753,,F81613,2017-07-25 12:10:25,1
599,753,,F81649,2017-07-25 12:04:17,1
598,741,,K83028,2017-07-24 12:39:11,1
597,741,,K83024,2017-07-24 12:38:16,1
596,741,,K83044,2017-07-24 12:37:19,1
595,741,,K83065,2017-07-24 12:36:32,1
594,741,,K83069,2017-07-24 12:35:35,1
593,741,,K83080,2017-07-24 12:34:42,1
592,741,,K83007,2017-07-24 12:33:54,1
591,741,,K83030,2017-07-24 12:32:30,1
590,742,,H81070,2017-07-23 20:33:22,1
589,742,99H,,2017-07-23 20:29:53,1
588,741,,K83616,2017-07-21 16:10:20,1
587,740,03N,,2017-07-19 15:04:40,1
586,739,,M83723,2017-07-19 14:20:48,1
585,738,03F,,2017-07-19 13:49:41,1
580,733,09Y,,2017-07-18 16:22:10,1
578,731,,A82032,2017-07-18 09:17:28,1
577,730,,L83074,2017-07-17 20:41:48,1
576,729,04H,,2017-07-14 15:57:46,1
575,728,,H85005,2017-07-14 12:08:03,1
572,725,99K,,2017-07-13 11:11:30,1
570,723,06T,,2017-07-12 13:46:26,1
567,720,02T,,2017-07-12 12:59:25,1
565,718,09D,,2017-07-11 13:56:28,1
564,630,,C88051,2017-07-11 10:31:34,1
561,714,,M91628,2017-07-10 15:34:43,1
560,713,11A,,2017-07-10 14:55:04,1
559,710,06A,,2017-07-10 12:59:50,1
557,708,,J82089,2017-07-10 09:52:07,1
555,706,,G83680,2017-07-07 16:22:18,1
554,705,,H81068,2017-07-07 10:26:56,1
553,630,,C88051,2017-07-06 12:19:43,1
552,630,,C88036,2017-07-06 12:18:52,1
551,630,,C88073,2017-07-06 12:18:16,1
550,630,,C88020,2017-07-06 11:04:43,1
549,699,00L,,2017-07-04 15:49:32,1
548,697,99C,,2017-07-04 12:44:13,1
547,697,00L,,2017-07-04 12:43:45,1
546,630,,C88020,2017-07-04 12:41:54,1
545,630,,C88054,2017-07-04 12:40:05,1
544,630,,C88037,2017-07-04 12:39:25,1
543,630,,C88073,2017-07-04 12:38:43,1
541,630,,C88051,2017-07-04 12:36:39,1
540,689,,M84061,2017-07-03 19:55:55,1
538,687,,B87002,2017-07-03 12:46:14,1
535,683,11M,,2017-07-03 09:49:52,1
532,680,,L81043,2017-06-30 15:16:58,1
531,672,,A83007,2017-06-29 20:37:04,1
530,670,,L84052,2017-06-29 14:19:40,1
529,670,,L84001,2017-06-29 14:17:06,1
528,532,99F,,2017-06-29 10:18:14,1
526,665,07J,,2017-06-28 12:45:59,1
524,663,,L83082,2017-06-27 14:36:11,1
523,662,,L83065,2017-06-27 14:26:09,1
522,661,99N,,2017-06-27 12:18:05,1
521,660,,A81026,2017-06-26 15:56:39,1
520,658,,G82032,2017-06-26 15:14:12,1
513,650,11M,,2017-06-23 10:08:14,1
512,649,,H84040,2017-06-22 20:43:50,1
511,647,,L83007,2017-06-22 12:20:38,1
508,644,,C84035,2017-06-22 06:14:50,1
507,643,,M91010,2017-06-20 19:30:28,1
503,512,,E85744,2017-06-19 19:39:08,1
501,633,05L,,2017-06-19 11:50:43,1
500,633,15E,,2017-06-19 11:50:21,1
498,631,,G82090,2017-06-16 15:07:12,1
497,630,,C88036,2017-06-16 11:51:26,1
495,628,,P88031,2017-06-16 10:27:10,1
494,627,,C81084,2017-06-16 07:23:13,1
492,620,,C81649,2017-06-15 17:06:18,1
491,620,,C81058,2017-06-15 17:05:35,1
490,620,03Y,,2017-06-15 16:58:34,1
489,620,04J,,2017-06-15 16:58:08,1
488,620,,C81055,2017-06-15 16:52:44,1
487,619,,M85717,2017-06-15 15:20:24,1
486,618,15C,,2017-06-15 13:56:21,1
484,616,99C,,2017-06-15 10:18:06,1
483,615,,G82099,2017-06-13 22:07:13,1
481,611,10K,,2017-06-12 16:00:27,1
480,610,03N,,2017-06-12 15:16:38,1
479,603,,C88011,2017-06-12 14:02:51,1
478,603,,C88622,2017-06-12 14:02:25,1
477,603,,C88009,2017-06-12 14:01:59,1
476,603,,C88039,2017-06-12 14:01:35,1
475,603,,C88085,2017-06-12 14:01:15,1
474,603,,C88643,2017-06-12 14:00:32,1
473,603,,C88627,2017-06-12 13:59:55,1
471,598,,L81065,2017-06-11 09:37:20,1
470,598,,L81637,2017-06-11 09:35:06,1
469,551,15E,,2017-06-09 15:26:43,1
467,595,,P81196,2017-06-08 13:45:37,1
465,592,,L83034,2017-06-07 11:52:29,1
464,589,,P84017,2017-06-06 12:45:19,1
463,588,,M82028,2017-06-05 15:20:20,1
462,587,,L83111,2017-06-05 14:51:09,1
461,586,07T,,2017-06-05 09:58:01,1
459,584,,B86044,2017-06-04 19:52:16,1
456,491,,L85009,2017-06-04 07:54:36,1
455,292,,H84017,2017-06-01 15:28:06,1
454,579,09L,,2017-06-01 13:47:31,1
453,578,02A,,2017-06-01 10:43:18,1
452,576,14L,,2017-05-31 13:22:47,1
451,576,07X,,2017-05-30 14:53:26,1
450,575,11J,,2017-05-30 12:28:26,1
445,569,99Q,,2017-05-24 09:32:48,1
442,566,08C,,2017-05-19 21:40:59,1
441,565,,E86029,2017-05-19 15:53:43,1
440,564,06V,,2017-05-19 15:27:36,1
439,562,,H81068,2017-05-18 15:21:22,1
436,559,11J,,2017-05-17 09:16:24,1
434,557,,Y02354,2017-05-15 20:13:50,1
432,554,03N,,2017-05-12 15:39:31,1
430,552,,L82061,2017-05-12 11:26:59,1
427,549,,D82099,2017-05-11 14:15:43,1
426,545,01H,,2017-05-11 13:45:43,1
425,545,01K,,2017-05-11 13:44:22,1
424,545,01A,,2017-05-11 13:43:39,1
423,545,00Q,,2017-05-11 13:41:59,1
422,544,,D82105,2017-05-11 12:09:30,1
421,542,07J,,2017-05-11 09:14:21,1
420,542,,D82035,2017-05-11 08:58:31,1
418,540,04D,,2017-05-09 13:20:49,1
417,539,07R,,2017-05-08 09:23:16,1
416,538,07R,,2017-05-08 09:23:12,1
414,534,00D,,2017-05-07 20:29:41,1
413,533,,F81037,2017-05-06 16:21:08,1
412,532,99G,,2017-05-05 14:59:43,1
410,530,,C81065,2017-05-05 09:32:10,1
404,512,,E85026,2017-05-04 13:02:45,1
403,521,,Y00151,2017-05-04 10:15:52,1
402,520,,M81046,2017-05-04 10:00:14,1
401,519,,Y03035,2017-05-03 21:39:58,1
400,512,,E85628,2017-05-03 21:12:25,1
399,512,,E85120,2017-05-03 21:11:06,1
398,512,,E85680,2017-05-03 21:10:35,1
397,512,,E85107,2017-05-03 21:10:05,1
396,512,,E85657,2017-05-03 21:09:36,1
395,512,,E85034,2017-05-03 21:08:53,1
394,512,,E85122,2017-05-03 21:08:11,1
393,511,,L81023,2017-05-03 19:55:24,1
392,510,,C82053,2017-05-03 12:58:34,1
391,509,14L,,2017-05-03 10:39:26,1
390,508,,L81026,2017-05-02 22:45:14,1
389,168,99N,,2017-05-02 14:26:46,1
388,505,,Y02711,2017-05-02 10:53:37,1
387,504,,L81026,2017-05-02 10:35:40,1
385,499,,C84046,2017-04-28 08:39:53,1
384,497,,P81074,2017-04-27 18:23:51,1
383,496,,P81074,2017-04-27 18:23:19,1
379,456,06F,,2017-04-27 13:04:26,1
378,491,,L85009,2017-04-27 12:22:20,1
377,180,15E,,2017-04-27 11:08:41,1
376,489,,J83041,2017-04-27 10:31:09,1
375,382,05A,,2017-04-27 09:40:08,1
374,486,11H,,2017-04-27 08:16:08,1
373,485,01K,,2017-04-27 07:59:34,1
372,483,,P88026,2017-04-27 07:16:48,1
371,483,,P88004,2017-04-27 07:16:14,1
370,133,,B82023,2017-04-27 07:09:50,1
369,133,,B82042,2017-04-27 07:08:10,1
368,480,,B83054,2017-04-27 07:02:12,1
367,479,,D82056,2017-04-26 08:29:30,1
366,478,,L85010,2017-04-25 13:32:47,1
365,476,,G84006,2017-04-25 10:58:39,1
364,475,,A82019,2017-04-24 16:07:49,1
363,473,,L85011,2017-04-24 12:01:48,1
361,471,,D81028,2017-04-23 19:18:06,1
360,470,,F82668,2017-04-21 18:56:24,1
357,467,,D82043,2017-04-21 08:35:43,1
356,463,,H81061,2017-04-20 20:00:29,1
354,460,10D,,2017-04-20 07:48:54,1
353,459,,M81022,2017-04-19 14:11:11,1
352,101,15C,,2017-04-18 14:32:08,1
351,456,,E81013,2017-04-18 14:23:19,1
350,456,06P,,2017-04-18 14:19:46,1
349,455,,E84006,2017-04-17 20:15:19,1
345,451,11X,,2017-04-14 16:33:10,1
344,450,,L84068,2017-04-14 12:48:32,1
343,448,12F,,2017-04-14 11:49:35,1
342,447,,B86051,2017-04-13 14:44:18,1
340,445,,B86044,2017-04-12 17:32:28,1
339,443,11J,,2017-04-12 15:08:08,1
338,442,09D,,2017-04-12 13:15:28,1
337,70,,M85019,2017-04-12 10:11:26,1
336,437,09P,,2017-04-11 14:32:52,1
335,439,11J,,2017-04-11 14:31:24,1
334,437,99K,,2017-04-11 14:21:34,1
333,437,09F,,2017-04-11 14:18:30,1
331,434,,A87017,2017-04-10 15:00:58,1
330,434,,A87012,2017-04-10 15:00:39,1
329,433,11X,,2017-04-10 09:45:55,1
328,431,,F86040,2017-04-08 12:31:32,1
327,429,,F81028,2017-04-08 10:10:58,1
326,429,,F81017,2017-04-08 10:10:10,1
325,428,09W,,2017-04-07 20:29:46,1
324,427,11X,,2017-04-07 14:19:42,1
323,76,,Y05167,2017-04-06 19:51:20,1
322,423,07R,,2017-04-06 08:14:32,1
321,422,,L83112,2017-04-06 07:24:05,1
320,420,10L,,2017-04-05 08:08:00,1
318,415,,L83100,2017-04-04 09:02:36,1
316,413,14L,,2017-04-03 13:18:20,1
315,412,04D,,2017-04-03 13:18:20,1
312,409,11J,,2017-04-03 09:52:52,1
307,403,,A83041,2017-03-30 11:50:00,1
305,401,11X,,2017-03-30 08:31:25,1
304,400,15F,,2017-03-29 12:46:18,1
303,399,,B83028,2017-03-29 12:44:08,1
302,397,,L83123,2017-03-29 10:34:50,1
301,397,,L83018,2017-03-29 10:33:56,1
300,395,,N83032,2017-03-29 07:29:12,1
298,393,,G81082,2017-03-28 13:19:34,1
296,391,,H83024,2017-03-27 10:13:47,1
295,96,,F83027,2017-03-27 08:56:13,1
293,388,,C88047,2017-03-26 17:03:30,1
291,386,,H82057,2017-03-25 10:50:25,1
290,385,,L83050,2017-03-25 10:12:11,1
289,384,,N84027,2017-03-24 21:19:06,1
288,383,,J84005,2017-03-24 10:50:06,1
287,382,05A,,2017-03-24 07:43:46,1
284,379,,L84058,2017-03-23 18:28:02,1
281,375,,N82108,2017-03-23 14:00:32,1
279,372,,Y05248,2017-03-23 12:09:09,1
278,372,,C85005,2017-03-23 12:06:12,1
277,370,,H82003,2017-03-23 10:03:25,1
276,368,,L83049,2017-03-23 08:26:55,1
275,367,,M92029,2017-03-21 17:35:34,1
274,366,11A,,2017-03-21 14:08:21,1
272,364,,G85021,2017-03-21 12:54:52,1
270,359,,Y00412,2017-03-20 13:19:09,1
267,352,,L84027,2017-03-16 11:20:35,1
265,348,,L85062,2017-03-15 14:44:15,1
264,347,,C84150,2017-03-15 13:57:58,1
263,346,,B81006,2017-03-15 11:53:37,1
262,345,03W,,2017-03-15 11:22:26,1
259,340,,L81069,2017-03-15 10:36:24,1
258,340,,L81123,2017-03-15 10:35:30,1
257,340,,J83046,2017-03-15 10:22:14,1
255,338,,L83069,2017-03-14 17:15:33,1
254,336,14L,,2017-03-14 12:48:27,1
251,333,,G82099,2017-03-13 13:36:34,1
250,331,01Y,,2017-03-13 08:43:08,1
245,326,,F82679,2017-03-11 02:22:39,1
244,325,,Y02671,2017-03-10 19:46:46,1
241,322,,J83630,2017-03-09 09:42:18,1
240,321,00P,,2017-03-08 09:59:41,1
238,319,,H82017,2017-03-07 11:01:03,1
237,47,08H,,2017-03-06 15:14:28,1
236,315,99P,,2017-03-06 14:30:06,1
235,314,,E81030,2017-03-06 13:27:26,1
233,312,,L84037,2017-03-06 12:17:56,1
232,311,,F81741,2017-03-06 10:22:28,1
231,310,,N82082,2017-03-06 09:24:18,1
230,309,,M81011,2017-03-05 15:31:48,1
229,308,,M85075,2017-03-03 18:48:32,1
220,299,,L84028,2017-03-03 10:06:02,1
219,298,,G82186,2017-03-02 17:41:24,1
214,292,,H84014,2017-03-01 06:48:44,1
208,283,09L,,2017-02-27 10:02:14,1
205,277,09L,,2017-02-24 18:47:03,1
198,269,,F81096,2017-02-22 18:58:20,1
193,261,99P,,2017-02-21 15:58:53,1
190,258,99P,,2017-02-21 14:27:33,1
186,254,08X,,2017-02-21 09:57:49,1
183,251,12D,,2017-02-20 16:01:37,1
179,246,09D,,2017-02-19 02:26:50,1
178,180,,M85108,2017-02-18 10:15:01,1
177,244,11X,,2017-02-17 21:17:19,1
176,210,,L84078,2017-02-17 18:47:51,1
174,240,,L83026,2017-02-17 14:35:33,1
173,239,99Q,,2017-02-16 22:03:33,1
171,237,,P81087,2017-02-16 15:37:48,1
166,232,,P92616,2017-02-15 08:26:22,1
163,229,05N,,2017-02-14 20:59:50,1
162,228,15C,,2017-02-14 12:00:30,1
160,225,09D,,2017-02-14 11:08:06,1
159,223,,D83073,2017-02-13 21:46:34,1
156,220,09D,,2017-02-13 17:29:39,1
154,217,,A82070,2017-02-13 13:04:06,1
150,213,,J82087,2017-02-12 17:22:59,1
148,211,,C82007,2017-02-10 15:40:36,1
147,210,11M,,2017-02-09 19:36:45,1
146,207,,J82103,2017-02-08 11:17:43,1
145,206,99P,,2017-02-07 19:23:14,1
140,199,10Q,,2017-02-05 23:08:16,1
139,199,09Y,,2017-02-05 23:07:28,1
130,184,03N,,2017-01-31 14:07:51,1
129,180,15E,,2017-01-31 13:49:01,1
128,180,,M85108,2017-01-31 13:47:04,1
127,179,,J82050,2017-01-30 22:46:49,1
125,176,,J81025,2017-01-29 23:11:21,1
120,171,99E,,2017-01-24 16:43:53,1
119,170,,J83011,2017-01-23 18:05:34,1
118,169,,E87768,2017-01-23 16:35:40,1
117,168,,J83007,2017-01-23 14:04:38,1
113,164,,L83105,2017-01-19 13:31:14,1
109,159,,B82054,2017-01-16 18:06:58,1
108,158,,L83038,2017-01-16 14:06:32,1
105,154,,B83016,2017-01-14 18:28:54,1
104,152,,G82711,2017-01-14 16:56:03,1
103,152,,G82203,2017-01-14 16:55:21,1
101,150,,M81039,2017-01-13 17:31:11,1
100,149,04M,,2017-01-13 13:08:38,1
99,148,09D,,2017-01-12 12:13:06,1
96,144,,L83147,2017-01-10 16:02:36,1
94,141,11M,,2017-01-09 14:39:55,1
90,137,,J81081,2017-01-07 23:43:25,1
89,136,,N81036,2017-01-06 16:19:19,1
87,133,,B82023,2017-01-06 08:57:50,1
86,133,,B82045,2017-01-06 08:56:32,1
85,131,99N,,2017-01-04 15:09:48,1
81,126,,M81092,2016-12-30 16:48:23,1
80,121,11X,,2016-12-29 15:00:05,1
79,119,,J82187,2016-12-29 14:53:28,1
78,119,,J82192,2016-12-29 14:48:17,1
76,117,,L84009,2016-12-26 23:29:23,1
75,116,,C84055,2016-12-25 04:32:18,1
73,114,01H,,2016-12-22 14:25:40,1
71,112,,A81047,2016-12-21 15:34:41,1
70,111,01K,,2016-12-20 10:38:26,1
68,108,06K,,2016-12-19 16:19:28,1
67,107,,F83652,2016-12-19 12:00:04,1
66,106,,P81028,2016-12-18 19:29:16,1
64,103,02R,,2016-12-16 13:32:42,1
63,103,02W,,2016-12-16 13:28:31,1
62,102,02R,,2016-12-16 12:55:23,1
61,101,15C,,2016-12-16 10:37:33,1
59,99,,L82036,2016-12-15 17:03:49,1
58,98,,Y02622,2016-12-13 16:17:38,1
56,96,,F83010,2016-12-13 15:56:57,1
55,95,10Q,,2016-12-12 15:30:50,1
54,94,,N85619,2016-12-12 00:41:30,1
51,91,,C81046,2016-12-09 19:53:58,1
49,88,,C84046,2016-12-09 09:15:10,1
48,88,,C84060,2016-12-09 08:18:18,1
46,83,,A81609,2016-12-08 16:47:19,1
45,83,,A81006,2016-12-08 16:46:57,1
44,83,,A81002,2016-12-08 16:46:29,1
43,83,00K,,2016-12-08 16:45:00,1
40,80,,G82631,2016-12-07 08:50:39,1
39,79,02Q,,2016-12-06 14:33:35,1
36,76,,Y05167,2016-12-05 21:30:18,1
34,74,11M,,2016-12-05 17:32:04,1
33,73,,P86023,2016-12-03 22:43:57,1
32,72,00M,,2016-12-02 14:40:53,1
31,71,00K,,2016-12-02 11:50:21,1
30,70,,M85019,2016-12-02 11:04:17,1
28,68,10Q,,2016-12-01 14:28:25,1
25,23,,L84077,2016-12-01 12:54:30,1
24,23,15C,,2016-12-01 12:43:18,1
